candidate_id,gender,resume_gender_signal,years_experience,education_level,programming_skill,leadership_score,communication_score,company_tier,project_experience,interview_score,hired
C0001,Male,0.805,7,1,85,36,55,1,1,76,1
C0002,Female,0.109,1,2,45,69,90,3,3,63,0
C0003,Female,0.093,5,2,50,77,50,1,4,47,0
C0004,Male,0.725,3,2,54,87,91,1,1,53,1
C0005,Male,0.643,4,2,55,72,62,1,4,31,0
C0006,Male,0.769,4,1,45,77,42,2,5,95,1
C0007,Male,0.739,1,1,87,51,81,2,0,76,0
C0008,Female,0.431,0,1,60,42,63,1,2,49,0
C0009,Male,0.625,3,1,71,72,73,4,1,58,1
C0010,Male,0.815,4,1,54,66,79,3,2,52,1
C0011,Male,0.837,1,2,32,61,66,2,0,87,0
C0012,Female,0.163,7,1,69,65,53,2,1,40,0
C0013,Female,0.246,4,2,30,64,75,2,2,64,1
C0014,Male,0.74,6,1,63,79,62,2,2,61,0
C0015,Male,0.426,3,1,40,79,71,1,1,76,0
C0016,Male,0.899,3,1,100,68,31,1,2,61,0
C0017,Male,0.632,6,1,81,72,68,3,2,34,1
C0018,Male,0.643,2,2,66,67,53,1,1,58,1
C0019,Male,0.903,7,1,87,53,85,2,2,47,1
C0020,Male,0.748,6,1,49,71,70,3,2,64,1
C0021,Male,0.938,5,1,74,39,65,2,3,85,1
C0022,Male,0.982,5,1,68,75,68,2,5,35,0
C0023,Male,0.703,1,1,69,42,48,2,3,50,0
C0024,Male,0.919,3,2,87,64,84,1,0,54,0
C0025,Male,0.687,2,3,78,47,89,3,3,56,1
C0026,Female,0.183,2,1,70,68,67,2,3,74,1
C0027,Male,0.696,4,2,35,59,84,3,0,60,1
C0028,Male,0.954,4,1,47,36,54,4,2,69,0
C0029,Male,0.927,6,1,62,66,50,4,2,52,1
C0030,Male,0.847,2,1,66,51,62,4,3,66,1
C0031,Male,0.699,6,1,44,73,68,2,0,75,0
C0032,Male,0.777,7,1,100,60,56,2,2,51,0
C0033,Male,0.477,6,1,92,65,69,2,4,75,1
C0034,Female,0.154,4,0,75,45,66,2,1,63,0
C0035,Female,0.0,3,1,66,51,48,3,1,79,0
C0036,Female,0.193,6,1,61,53,69,1,5,59,0
C0037,Male,0.354,0,3,47,72,74,4,1,69,0
C0038,Male,0.61,3,1,66,85,64,3,3,62,0
C0039,Male,0.688,2,1,69,47,78,4,1,61,0
C0040,Male,0.844,2,1,42,76,44,3,1,67,1
C0041,Male,0.843,6,1,71,27,68,1,4,71,0
C0042,Male,0.774,3,1,62,42,45,1,2,43,0
C0043,Male,0.895,4,1,30,45,46,1,4,85,0
C0044,Female,0.263,4,1,49,39,53,1,3,33,0
C0045,Male,0.892,5,0,57,36,48,2,1,52,1
C0046,Male,0.871,2,0,98,66,54,3,2,61,1
C0047,Male,0.857,1,1,75,56,59,3,5,69,0
C0048,Male,0.773,5,0,40,65,73,2,5,88,1
C0049,Male,1.0,4,1,73,70,57,1,1,33,1
C0050,Male,0.874,3,1,37,63,39,1,1,54,1
C0051,Female,0.253,7,2,84,69,77,1,5,28,0
C0052,Female,0.406,4,1,56,58,50,2,5,63,0
C0053,Female,0.167,3,1,63,42,61,2,3,67,0
C0054,Female,0.139,5,1,88,75,68,1,1,88,0
C0055,Male,0.963,2,2,41,51,64,2,5,64,1
C0056,Female,0.0,4,1,39,45,77,1,0,79,1
C0057,Male,0.449,6,1,54,57,68,2,5,72,0
C0058,Male,0.845,3,1,83,46,49,2,2,56,0
C0059,Male,0.739,2,1,37,53,92,2,2,40,0
C0060,Male,0.881,7,1,14,65,64,2,0,67,1
C0061,Male,0.942,7,1,56,65,59,4,3,39,0
C0062,Male,0.829,1,2,74,46,75,1,1,83,1
C0063,Female,0.244,3,1,86,52,65,2,1,60,0
C0064,Male,0.773,5,2,56,76,67,3,5,82,1
C0065,Male,0.894,1,3,57,67,96,2,2,55,1
C0066,Male,0.921,1,1,85,91,58,4,3,67,0
C0067,Male,0.785,0,1,31,77,57,2,3,66,0
C0068,Female,0.219,4,1,58,77,63,2,3,62,1
C0069,Male,0.711,3,1,68,39,77,1,5,56,1
C0070,Female,0.0,1,1,73,71,40,2,1,69,0
C0071,Female,0.216,0,2,55,59,34,1,3,48,0
C0072,Male,0.836,5,2,65,51,53,1,5,43,0
C0073,Male,0.849,2,1,20,62,39,2,5,82,0
C0074,Female,0.312,6,1,53,74,56,2,0,74,1
C0075,Male,0.919,6,2,73,67,69,1,4,64,1
C0076,Female,0.026,3,3,47,46,49,2,3,89,0
C0077,Female,0.277,1,2,66,71,42,2,4,58,1
C0078,Male,0.865,6,0,73,50,62,1,1,84,1
C0079,Male,0.967,4,1,58,63,74,2,5,65,1
C0080,Male,0.913,6,1,68,55,38,3,3,46,0
C0081,Female,0.179,6,1,47,56,73,2,2,92,0
C0082,Male,0.768,6,1,61,71,73,2,1,78,1
C0083,Male,0.73,7,1,75,44,75,2,0,61,1
C0084,Male,0.689,0,2,67,89,79,2,0,74,0
C0085,Male,0.792,1,1,54,32,92,4,4,56,0
C0086,Male,0.788,4,1,69,51,57,2,5,76,1
C0087,Female,0.083,1,1,77,65,63,1,4,24,0
C0088,Male,0.781,7,1,28,68,56,2,2,46,0
C0089,Female,0.147,3,1,85,58,62,3,2,78,1
C0090,Male,0.683,3,1,58,59,83,1,0,59,0
C0091,Male,0.941,3,2,72,66,43,4,3,66,1
C0092,Male,0.811,5,1,86,56,49,4,0,41,0
C0093,Female,0.273,6,1,40,80,81,1,0,92,1
C0094,Male,0.688,5,1,52,72,76,4,2,82,0
C0095,Female,0.333,0,2,59,73,56,2,4,59,0
C0096,Male,0.996,3,2,50,45,73,3,2,56,1
C0097,Male,0.883,7,2,96,58,66,2,5,79,1
C0098,Male,0.556,4,1,49,55,83,2,2,94,0
C0099,Male,0.914,1,1,55,44,63,2,2,78,0
C0100,Male,0.938,6,0,68,65,76,3,0,97,1
C0101,Male,0.819,2,1,43,51,98,1,3,48,0
C0102,Male,1.0,4,2,57,69,70,2,0,49,1
C0103,Male,0.833,6,1,70,43,62,1,1,43,0
C0104,Male,0.587,5,2,59,85,72,2,2,70,1
C0105,Female,0.313,5,2,63,46,56,2,2,65,0
C0106,Male,0.837,4,1,55,63,95,2,1,60,1
C0107,Male,0.71,5,2,37,71,64,2,2,75,1
C0108,Female,0.116,3,1,70,51,58,1,2,82,0
C0109,Male,0.55,0,1,96,72,50,1,5,38,0
C0110,Male,0.949,1,1,65,41,77,1,2,53,0
C0111,Male,0.668,0,0,69,81,74,2,1,76,1
C0112,Male,0.652,6,1,77,60,55,4,0,55,0
C0113,Female,0.305,1,1,42,51,70,1,2,50,0
C0114,Female,0.249,7,1,95,55,40,4,3,79,1
C0115,Male,0.825,1,1,68,72,64,3,1,42,1
C0116,Female,0.09,0,0,94,51,68,2,4,58,0
C0117,Female,0.071,4,1,51,48,85,2,5,68,0
C0118,Male,0.63,1,1,97,56,51,3,1,53,0
C0119,Female,0.151,7,1,78,42,44,1,0,75,1
C0120,Male,0.961,7,2,74,87,49,2,1,53,1
C0121,Female,0.102,7,2,69,51,43,2,4,85,1
C0122,Female,0.086,0,2,60,72,80,2,5,60,0
C0123,Male,1.0,1,2,86,63,83,3,3,73,1
C0124,Male,0.712,2,1,67,45,66,1,4,74,0
C0125,Male,0.772,4,2,29,59,79,2,1,52,1
C0126,Male,1.0,3,1,44,71,63,2,4,30,1
C0127,Female,0.276,1,1,61,57,60,2,1,68,0
C0128,Female,0.0,7,2,70,77,57,2,3,64,1
C0129,Male,0.858,2,1,63,75,57,2,3,71,0
C0130,Male,0.8,3,2,86,73,40,3,0,59,0
C0131,Male,0.924,3,2,29,53,65,2,3,56,1
C0132,Male,0.688,6,2,67,43,61,3,2,95,1
C0133,Male,0.674,1,2,32,50,72,2,4,39,0
C0134,Male,0.699,0,1,78,62,63,1,4,74,0
C0135,Female,0.032,1,1,63,68,59,1,1,53,0
C0136,Male,0.922,2,1,72,27,49,1,3,57,1
C0137,Male,0.623,3,1,49,59,63,2,0,57,0
C0138,Male,0.707,1,1,88,62,72,2,0,50,1
C0139,Male,0.532,0,2,83,55,45,3,0,72,1
C0140,Female,0.187,6,2,75,79,63,3,5,85,0
C0141,Female,0.035,1,1,62,66,65,1,2,70,0
C0142,Male,0.751,4,1,75,79,51,1,3,64,1
C0143,Male,0.755,6,1,52,56,53,1,0,47,1
C0144,Male,0.868,0,1,80,74,65,2,2,71,1
C0145,Male,1.0,2,2,94,84,46,1,4,97,0
C0146,Male,0.861,3,1,84,79,66,1,1,56,1
C0147,Male,0.695,1,1,51,43,49,4,3,56,0
C0148,Male,0.557,0,0,71,56,76,3,3,54,1
C0149,Male,0.633,6,1,41,54,94,1,5,55,1
C0150,Male,0.811,4,1,75,67,49,2,4,19,0
C0151,Female,0.314,0,1,73,70,69,2,3,69,0
C0152,Male,0.829,5,1,31,47,51,3,5,49,1
C0153,Male,0.717,7,1,44,61,76,2,5,37,1
C0154,Male,0.641,4,1,59,29,44,1,5,75,0
C0155,Female,0.013,6,2,59,81,68,3,3,45,1
C0156,Male,1.0,2,1,43,52,49,2,3,57,1
C0157,Male,0.933,3,1,72,60,59,1,3,86,1
C0158,Female,0.141,6,1,69,55,47,2,2,40,0
C0159,Male,0.881,7,3,61,77,73,2,5,38,1
C0160,Female,0.442,2,1,51,17,50,2,2,67,0
C0161,Male,0.999,1,2,83,59,69,1,1,81,1
C0162,Male,0.795,0,1,94,58,57,2,3,37,1
C0163,Male,0.833,5,1,56,53,60,1,4,69,0
C0164,Male,0.794,4,0,53,85,64,3,0,72,1
C0165,Male,0.358,4,1,73,46,51,1,1,30,0
C0166,Female,0.276,0,3,58,71,64,1,0,75,0
C0167,Male,0.874,5,1,62,65,83,2,0,77,1
C0168,Male,0.849,0,0,78,78,51,3,3,58,1
C0169,Male,0.791,1,0,30,49,78,3,4,83,1
C0170,Male,0.825,7,1,88,49,82,2,0,81,0
C0171,Male,0.71,2,1,66,76,50,1,5,64,0
C0172,Male,0.892,6,0,57,66,41,3,0,55,1
C0173,Male,0.604,4,2,63,36,66,2,1,47,1
C0174,Male,0.828,1,1,64,51,54,1,4,62,0
C0175,Male,0.884,2,1,33,65,88,4,4,72,1
C0176,Male,0.77,1,2,91,72,62,1,0,57,1
C0177,Male,0.856,5,1,65,49,50,4,4,27,1
C0178,Male,0.651,4,3,72,16,45,3,1,83,1
C0179,Female,0.145,6,1,82,67,77,2,1,66,0
C0180,Male,0.836,0,2,46,41,54,4,1,56,0
C0181,Male,0.902,0,1,73,29,62,3,5,76,0
C0182,Male,0.519,2,2,60,17,75,1,3,87,0
C0183,Female,0.244,6,3,80,72,55,2,0,18,0
C0184,Female,0.319,7,1,26,61,61,1,4,69,0
C0185,Male,0.771,3,3,63,56,61,2,1,40,1
C0186,Male,0.599,5,1,54,80,71,3,0,70,0
C0187,Female,0.233,2,1,72,69,70,2,0,65,1
C0188,Male,0.945,3,1,73,84,58,2,3,73,1
C0189,Male,0.805,1,1,52,39,62,2,5,55,1
C0190,Male,0.743,5,1,52,59,56,3,4,33,1
C0191,Male,0.783,1,1,63,35,41,1,5,55,1
C0192,Female,0.273,7,1,48,56,65,2,4,69,1
C0193,Female,0.451,6,2,80,56,88,1,1,79,1
C0194,Male,0.789,4,2,58,69,49,2,1,44,0
C0195,Male,0.964,5,1,12,60,51,1,0,79,0
C0196,Male,0.946,3,1,58,69,49,2,4,52,1
C0197,Female,0.127,7,1,46,70,72,1,4,68,0
C0198,Female,0.196,4,1,35,92,68,1,5,54,1
C0199,Female,0.093,0,1,42,55,59,4,1,65,0
C0200,Female,0.193,3,1,66,45,49,1,2,77,0
C0201,Male,0.959,2,1,88,63,63,2,0,43,0
C0202,Male,0.935,0,3,70,47,40,1,4,52,0
C0203,Male,0.647,7,1,54,82,64,2,3,65,1
C0204,Female,0.15,0,1,73,55,74,2,3,100,0
C0205,Male,0.695,2,1,56,51,44,2,2,49,0
C0206,Male,0.946,5,1,52,52,40,1,1,95,1
C0207,Male,0.564,0,1,44,70,84,2,1,95,1
C0208,Male,0.859,6,1,33,57,53,2,1,61,0
C0209,Male,0.854,3,1,57,50,77,3,5,58,0
C0210,Male,0.974,4,1,67,84,59,2,3,51,1
C0211,Male,0.827,0,3,63,47,59,2,1,61,1
C0212,Male,0.599,3,2,57,60,68,1,3,40,0
C0213,Male,0.656,1,1,47,69,49,1,2,61,1
C0214,Male,0.623,3,1,75,35,63,1,0,86,0
C0215,Male,0.719,4,1,41,67,56,1,5,53,0
C0216,Male,0.773,3,1,78,44,43,1,4,59,0
C0217,Male,0.625,2,1,46,72,66,2,2,35,0
C0218,Female,0.17,7,0,51,45,58,2,3,68,1
C0219,Male,0.601,4,1,38,70,59,4,2,67,0
C0220,Female,0.357,7,1,55,76,45,1,4,64,0
C0221,Male,0.978,5,1,82,72,84,2,5,59,1
C0222,Male,0.935,7,3,74,63,74,3,0,58,1
C0223,Male,0.696,1,2,82,56,75,2,4,71,1
C0224,Male,0.851,2,2,74,51,57,1,5,62,0
C0225,Male,0.608,5,1,45,82,37,1,3,68,0
C0226,Male,0.937,3,2,59,49,89,1,4,66,0
C0227,Female,0.404,4,1,50,44,61,2,2,80,0
C0228,Male,0.739,1,2,88,69,51,3,1,73,1
C0229,Female,0.426,2,1,43,48,67,1,2,66,1
C0230,Male,0.428,5,2,81,45,78,1,3,87,1
C0231,Female,0.224,5,1,81,38,61,3,0,69,0
C0232,Male,0.967,1,2,97,52,79,3,4,83,1
C0233,Male,0.74,6,2,57,58,77,2,0,72,0
C0234,Male,0.775,3,1,77,63,46,2,3,33,0
C0235,Male,0.898,1,1,100,74,52,2,4,83,1
C0236,Female,0.292,5,3,53,67,75,1,5,65,1
C0237,Male,0.999,0,1,37,57,24,2,5,62,0
C0238,Male,0.654,2,2,31,57,59,2,2,67,0
C0239,Male,0.509,1,1,77,67,41,4,2,57,0
C0240,Male,1.0,6,1,31,79,55,1,3,66,0
C0241,Female,0.145,5,1,58,61,57,2,5,53,1
C0242,Female,0.105,3,1,72,52,56,2,4,83,0
C0243,Female,0.221,7,2,68,45,54,2,5,61,0
C0244,Male,0.944,5,1,72,38,46,1,2,56,0
C0245,Male,0.784,3,1,69,69,94,2,3,48,1
C0246,Female,0.0,1,1,88,68,88,3,5,67,0
C0247,Male,0.934,3,1,47,68,45,2,3,65,1
C0248,Female,0.22,4,2,52,58,84,2,5,69,1
C0249,Female,0.153,4,3,51,81,56,1,0,46,0
C0250,Female,0.174,4,1,79,52,63,1,5,37,1
C0251,Male,0.899,6,2,81,74,61,2,2,73,1
C0252,Male,0.877,6,2,73,59,52,3,4,86,1
C0253,Female,0.297,0,1,86,50,75,4,2,46,0
C0254,Male,0.94,6,3,43,68,63,2,2,88,1
C0255,Male,0.746,7,1,95,66,55,2,2,67,1
C0256,Male,0.827,1,1,92,65,43,3,3,62,1
C0257,Female,0.272,5,2,78,61,49,2,1,56,0
C0258,Male,0.733,5,1,97,59,39,2,1,40,0
C0259,Male,0.915,0,2,35,95,62,1,0,78,0
C0260,Male,0.741,6,2,55,77,45,3,2,50,1
C0261,Male,0.73,7,1,51,70,58,2,1,50,0
C0262,Female,0.438,3,2,77,61,81,3,0,78,0
C0263,Male,0.951,0,1,46,75,78,3,3,32,0
C0264,Male,0.882,7,1,78,67,61,1,2,38,0
C0265,Female,0.376,3,1,89,60,60,3,4,62,1
C0266,Female,0.186,7,2,77,55,88,3,3,67,0
C0267,Male,0.776,3,0,70,58,69,2,0,70,0
C0268,Male,0.758,2,1,47,12,57,1,3,58,0
C0269,Male,0.758,7,2,49,63,42,1,4,100,1
C0270,Male,0.708,5,2,87,52,67,2,3,59,1
C0271,Female,0.097,4,2,79,83,73,2,0,59,1
C0272,Female,0.366,6,1,64,60,53,2,4,50,1
C0273,Female,0.413,3,1,57,42,66,1,4,64,0
C0274,Female,0.18,2,1,28,59,56,3,3,72,1
C0275,Male,0.873,7,2,45,44,59,1,4,82,1
C0276,Male,0.794,5,1,99,67,27,1,3,39,1
C0277,Female,0.172,4,1,41,64,58,2,2,59,0
C0278,Male,0.582,3,3,68,74,75,2,4,70,1
C0279,Male,0.7,7,0,83,48,53,1,3,72,1
C0280,Female,0.085,7,3,42,60,62,1,2,63,1
C0281,Female,0.277,3,2,68,39,51,1,4,71,1
C0282,Male,0.793,0,2,81,70,67,3,2,50,0
C0283,Male,0.868,0,1,65,67,58,3,5,87,1
C0284,Male,0.712,5,0,100,67,48,2,4,78,1
C0285,Male,0.873,4,2,34,60,80,3,5,41,1
C0286,Male,1.0,3,2,84,66,75,3,0,45,0
C0287,Male,0.949,5,2,61,84,53,1,0,46,1
C0288,Male,0.788,5,1,78,55,68,4,3,73,0
C0289,Male,0.901,1,2,72,62,69,3,1,42,1
C0290,Male,0.887,7,2,51,43,70,1,5,57,0
C0291,Male,0.876,6,2,69,46,38,1,5,70,1
C0292,Male,0.967,7,2,31,61,76,1,0,61,1
C0293,Female,0.183,0,2,75,76,54,1,5,67,0
C0294,Male,0.781,4,1,70,56,56,3,1,45,0
C0295,Male,0.896,7,1,76,56,98,2,2,72,1
C0296,Male,0.743,3,1,84,53,66,3,2,53,1
C0297,Female,0.0,5,1,71,51,56,3,1,57,0
C0298,Male,0.76,3,1,67,64,31,2,5,66,0
C0299,Male,0.789,1,1,49,37,81,2,5,64,1
C0300,Male,0.551,4,1,52,79,43,1,5,63,1
C0301,Male,0.929,5,1,86,50,47,2,3,50,1
C0302,Male,0.385,3,1,90,70,57,2,4,58,1
C0303,Male,1.0,0,2,60,40,81,1,1,63,1
C0304,Male,1.0,6,2,65,70,72,1,1,40,0
C0305,Female,0.207,1,1,48,70,59,3,1,55,0
C0306,Female,0.261,4,3,86,65,66,2,1,69,1
C0307,Male,0.845,1,1,76,45,53,1,1,42,1
C0308,Male,0.712,0,1,99,63,63,2,5,81,0
C0309,Female,0.0,4,1,49,42,63,3,3,83,1
C0310,Male,0.778,1,1,58,56,75,2,0,43,0
C0311,Male,0.786,2,2,69,75,75,1,5,84,1
C0312,Male,0.827,0,2,76,71,68,4,5,60,1
C0313,Male,0.603,0,1,61,60,56,2,4,69,0
C0314,Female,0.106,0,1,49,45,72,1,0,55,0
C0315,Female,0.541,2,1,80,69,60,2,1,77,0
C0316,Male,0.819,2,1,77,60,46,3,0,69,0
C0317,Male,0.768,3,1,48,25,56,1,3,49,0
C0318,Male,0.971,5,1,89,71,63,1,2,44,1
C0319,Male,0.747,6,2,86,59,74,1,5,39,0
C0320,Male,0.834,1,2,67,78,59,4,0,66,1
C0321,Male,0.995,3,1,66,43,45,1,4,72,1
C0322,Male,0.788,1,2,74,12,62,2,3,73,0
C0323,Male,0.832,6,1,49,64,63,4,2,61,0
C0324,Male,0.786,5,1,65,64,64,1,3,44,0
C0325,Female,0.222,2,1,26,34,74,4,1,52,0
C0326,Female,0.136,5,1,80,45,76,4,2,81,0
C0327,Male,0.993,2,3,36,100,53,3,4,55,1
C0328,Male,0.784,6,1,92,55,53,1,2,65,0
C0329,Male,0.671,5,1,59,70,47,2,4,45,1
C0330,Male,0.902,3,1,61,50,71,3,1,68,1
C0331,Male,0.754,4,1,53,28,82,4,4,55,1
C0332,Female,0.14,3,2,59,57,57,1,3,79,0
C0333,Male,0.391,1,1,90,56,58,3,0,75,0
C0334,Male,0.801,3,1,20,54,82,2,3,55,1
C0335,Male,0.731,6,1,87,58,69,1,5,60,0
C0336,Male,0.641,0,1,71,63,68,2,3,54,0
C0337,Female,0.374,1,1,43,57,45,3,2,40,0
C0338,Male,0.714,5,2,45,41,71,2,1,49,1
C0339,Male,0.793,1,1,95,67,48,2,5,66,1
C0340,Male,0.595,4,2,47,30,46,4,5,68,0
C0341,Male,0.847,2,2,44,29,57,2,5,65,0
C0342,Male,1.0,5,2,85,71,53,2,0,58,1
C0343,Male,0.842,7,1,71,67,58,2,4,77,1
C0344,Male,0.921,1,1,48,59,41,2,2,64,0
C0345,Male,0.964,5,1,68,39,75,2,1,74,1
C0346,Male,0.985,5,2,46,49,77,4,0,34,1
C0347,Male,1.0,5,1,84,56,34,2,3,0,1
C0348,Male,0.725,2,1,84,36,75,3,1,67,1
C0349,Male,0.692,7,1,74,48,50,1,5,40,1
C0350,Male,0.918,6,1,71,69,73,1,1,59,1
C0351,Male,0.906,3,1,96,81,61,2,1,58,0
C0352,Female,0.248,5,1,64,53,62,1,3,88,0
C0353,Male,1.0,0,2,43,71,59,1,4,69,1
C0354,Male,0.802,6,1,73,31,78,2,2,65,1
C0355,Male,0.864,4,0,100,69,44,1,5,76,1
C0356,Male,0.653,2,1,46,47,70,1,4,68,1
C0357,Male,1.0,1,0,58,64,77,2,0,55,1
C0358,Male,0.75,2,1,72,56,72,2,5,80,1
C0359,Female,0.26,1,2,64,79,94,4,2,45,0
C0360,Male,0.748,2,1,47,46,54,2,0,68,1
C0361,Male,0.703,1,2,85,69,75,2,3,38,0
C0362,Male,0.691,5,0,100,55,60,4,4,66,1
C0363,Male,0.721,3,1,68,57,79,3,5,66,0
C0364,Male,0.595,1,2,48,57,61,1,1,89,1
C0365,Female,0.054,7,1,37,47,56,1,2,37,1
C0366,Male,1.0,1,1,69,59,80,2,5,53,0
C0367,Female,0.267,0,1,84,59,55,2,1,76,0
C0368,Female,0.462,1,1,73,63,42,3,5,68,1
C0369,Male,0.977,0,2,64,61,54,3,0,65,1
C0370,Male,1.0,4,1,54,71,70,2,1,47,1
C0371,Male,0.534,5,2,45,73,81,4,1,53,1
C0372,Male,0.616,0,2,80,44,63,2,5,82,0
C0373,Male,0.679,3,1,81,73,80,1,3,62,0
C0374,Male,0.73,6,2,37,42,42,3,3,69,1
C0375,Male,0.755,5,1,93,68,55,1,4,61,1
C0376,Male,0.733,0,3,75,69,57,3,0,44,1
C0377,Female,0.439,5,1,90,31,60,4,3,77,1
C0378,Male,0.805,7,2,40,61,63,2,5,71,1
C0379,Female,0.166,5,1,40,52,71,2,3,99,1
C0380,Male,0.474,5,1,62,48,55,2,4,46,1
C0381,Male,0.651,4,1,74,80,63,2,2,76,0
C0382,Male,0.718,3,2,97,50,61,2,4,42,0
C0383,Male,0.763,2,0,77,47,49,2,1,65,0
C0384,Female,0.152,2,1,60,61,60,3,1,78,1
C0385,Female,0.142,0,2,46,70,59,2,3,29,0
C0386,Female,0.233,5,2,87,57,59,1,3,59,0
C0387,Male,0.781,0,3,47,77,62,2,4,53,1
C0388,Male,0.639,4,2,94,67,63,3,4,51,1
C0389,Female,0.226,4,3,59,27,55,2,5,69,1
C0390,Female,0.309,1,2,93,52,79,2,0,80,0
C0391,Female,0.283,7,1,77,51,45,3,5,60,0
C0392,Male,0.67,4,1,62,67,51,2,1,66,0
C0393,Male,0.936,1,2,55,20,100,2,5,64,0
C0394,Female,0.282,3,1,58,98,47,3,4,63,1
C0395,Male,0.79,0,0,72,67,43,1,5,45,0
C0396,Female,0.39,6,1,66,62,72,4,2,80,0
C0397,Female,0.415,3,3,54,77,32,1,0,67,1
C0398,Male,0.904,4,1,62,95,58,1,4,69,0
C0399,Female,0.229,3,1,66,73,92,3,3,50,0
C0400,Female,0.296,3,1,26,74,40,1,5,55,0
C0401,Male,0.869,7,1,73,61,34,3,4,60,1
C0402,Female,0.272,7,1,47,57,41,3,3,38,0
C0403,Male,0.82,7,1,44,52,74,3,3,35,0
C0404,Female,0.0,3,1,34,47,77,4,1,53,1
C0405,Male,0.68,4,2,32,49,54,1,1,71,0
C0406,Female,0.035,6,1,40,39,71,3,4,52,1
C0407,Male,0.852,5,2,52,58,81,1,4,46,0
C0408,Male,0.851,3,2,100,34,87,2,2,49,0
C0409,Female,0.176,1,1,55,62,58,3,0,55,0
C0410,Male,0.965,4,2,68,59,29,2,0,57,0
C0411,Male,0.586,3,1,72,62,50,2,4,97,1
C0412,Female,0.038,6,2,67,52,56,2,1,79,1
C0413,Female,0.048,5,1,63,100,58,2,5,79,0
C0414,Male,0.691,7,2,43,80,59,4,2,81,1
C0415,Male,1.0,4,1,91,41,77,1,0,47,0
C0416,Male,0.877,2,1,97,63,79,2,4,43,1
C0417,Male,0.788,5,1,34,50,59,3,1,45,0
C0418,Male,0.723,1,2,46,44,77,2,1,84,1
C0419,Male,0.728,3,2,59,39,67,1,1,54,0
C0420,Female,0.173,6,1,47,66,62,2,5,42,1
C0421,Female,0.524,2,1,74,49,74,2,3,56,1
C0422,Female,0.205,6,1,51,74,63,1,5,59,1
C0423,Male,0.759,2,2,100,74,90,3,1,67,1
C0424,Male,1.0,4,1,86,80,41,2,4,67,1
C0425,Male,1.0,2,2,68,47,54,4,2,49,0
C0426,Male,0.838,1,1,83,67,60,3,5,73,1
C0427,Male,0.599,1,1,84,69,68,2,4,52,0
C0428,Female,0.463,0,1,54,52,79,1,1,60,0
C0429,Male,1.0,1,1,50,48,61,2,2,73,0
C0430,Male,1.0,5,1,66,84,42,1,0,52,0
C0431,Male,0.91,2,1,80,63,73,4,0,53,0
C0432,Female,0.0,1,2,67,69,72,1,4,72,1
C0433,Male,0.808,4,0,36,47,34,1,2,49,0
C0434,Male,0.894,6,1,50,41,61,2,4,56,0
C0435,Male,0.698,7,1,63,51,39,1,2,71,1
C0436,Male,0.844,6,0,63,58,52,1,2,95,0
C0437,Male,0.999,0,1,100,44,49,2,4,72,0
C0438,Female,0.124,6,1,40,59,73,1,2,70,1
C0439,Male,0.671,2,1,74,34,63,1,5,71,1
C0440,Male,0.815,0,1,91,43,44,2,1,45,1
C0441,Male,0.766,2,1,100,70,74,3,2,64,0
C0442,Female,0.244,4,1,57,69,41,2,5,62,1
C0443,Male,0.732,0,0,73,54,66,2,2,68,0
C0444,Male,1.0,3,1,75,44,50,2,5,64,0
C0445,Female,0.274,5,3,68,44,56,2,4,69,1
C0446,Female,0.03,5,1,63,54,69,4,0,58,0
C0447,Female,0.23,2,2,72,69,69,1,3,63,0
C0448,Female,0.217,6,1,19,73,80,2,2,43,1
C0449,Male,0.836,7,2,77,52,60,3,3,57,1
C0450,Male,0.762,7,2,67,42,66,3,2,85,1
C0451,Female,0.009,3,1,60,64,55,1,4,68,0
C0452,Male,0.548,0,3,100,47,64,1,4,62,0
C0453,Male,0.799,3,1,52,52,68,3,5,93,0
C0454,Female,0.323,3,0,57,79,60,1,2,41,0
C0455,Male,0.888,6,2,100,72,36,3,4,45,1
C0456,Male,0.809,7,2,50,62,66,3,4,90,1
C0457,Male,0.872,0,1,55,40,67,3,2,63,0
C0458,Male,0.796,4,1,62,63,52,1,5,59,1
C0459,Male,0.586,6,0,80,75,44,3,5,43,0
C0460,Male,0.587,3,1,68,54,82,2,5,70,0
C0461,Male,0.77,3,2,41,80,68,3,5,71,1
C0462,Male,0.776,4,1,55,79,58,1,0,45,0
C0463,Female,0.255,3,1,54,84,46,1,2,60,0
C0464,Male,0.914,3,1,63,64,50,2,0,57,1
C0465,Female,0.218,3,0,72,68,80,1,4,67,0
C0466,Male,0.758,5,1,72,81,63,2,0,45,0
C0467,Male,0.593,6,1,33,66,54,4,5,83,1
C0468,Female,0.135,1,3,84,52,69,2,4,77,1
C0469,Male,0.879,6,2,69,53,50,3,0,57,1
C0470,Female,0.084,4,0,89,63,83,1,0,59,0
C0471,Male,0.675,3,2,72,40,80,1,2,60,1
C0472,Female,0.349,6,2,84,57,55,1,0,50,1
C0473,Male,0.818,5,2,73,76,53,2,4,55,1
C0474,Female,0.172,7,1,89,27,25,4,5,58,0
C0475,Male,0.794,4,1,74,83,41,1,2,88,1
C0476,Female,0.318,2,1,63,76,43,2,0,78,0
C0477,Male,0.776,6,1,100,53,63,2,2,77,1
C0478,Male,0.693,2,1,81,68,57,4,3,68,1
C0479,Female,0.422,3,1,75,60,43,1,2,45,0
C0480,Male,0.638,5,1,42,78,58,1,5,62,1
C0481,Male,0.857,5,2,41,74,69,1,3,78,1
C0482,Male,0.886,6,1,70,38,69,2,3,42,1
C0483,Male,0.684,4,1,67,68,35,1,2,73,1
C0484,Male,1.0,4,3,53,56,60,3,4,100,1
C0485,Male,0.753,5,2,67,61,42,2,5,79,1
C0486,Female,0.206,4,2,93,49,74,2,4,85,0
C0487,Male,0.704,5,3,77,86,72,2,5,66,1
C0488,Male,0.496,6,1,44,75,49,1,5,78,0
C0489,Female,0.461,1,3,62,48,51,2,4,51,1
C0490,Female,0.626,5,1,50,39,55,4,1,75,0
C0491,Male,0.805,2,1,58,54,30,3,3,73,1
C0492,Male,0.704,4,1,57,66,66,3,2,67,0
C0493,Male,0.795,5,1,56,63,58,3,4,84,1
C0494,Male,0.723,5,1,42,78,75,1,4,54,1
C0495,Male,0.755,6,1,62,71,46,1,2,60,0
C0496,Male,0.926,4,2,54,74,53,1,3,64,0
C0497,Male,0.828,1,1,12,64,40,2,2,46,0
C0498,Male,0.891,6,1,100,39,47,1,5,66,1
C0499,Female,0.122,1,2,84,57,45,2,1,35,0
C0500,Female,0.0,7,1,58,75,75,2,5,79,1
C0501,Male,0.627,6,1,65,59,52,3,1,63,1
C0502,Male,0.744,4,2,43,67,63,3,2,54,1
C0503,Male,0.302,0,1,95,55,56,4,5,49,0
C0504,Female,0.256,4,1,99,44,44,1,3,59,1
C0505,Male,0.788,4,2,67,58,59,1,5,74,0
C0506,Male,0.885,1,1,83,64,70,2,4,71,0
C0507,Female,0.092,1,1,68,50,45,1,1,51,0
C0508,Female,0.106,4,2,40,56,73,1,1,49,1
C0509,Female,0.341,4,2,57,45,50,2,3,73,0
C0510,Female,0.199,4,1,67,76,55,1,1,51,0
C0511,Male,0.548,1,1,56,55,69,2,1,63,1
C0512,Male,0.619,4,0,61,81,52,2,3,64,0
C0513,Female,0.345,4,1,63,82,62,2,5,67,1
C0514,Female,0.308,7,1,63,58,57,2,2,76,1
C0515,Male,0.856,3,1,65,44,63,2,5,42,1
C0516,Male,0.803,0,3,45,28,28,1,4,32,0
C0517,Male,0.797,2,1,52,37,36,1,4,53,0
C0518,Female,0.259,0,1,41,39,70,2,1,91,0
C0519,Female,0.07,3,1,82,80,76,3,4,95,0
C0520,Male,0.864,2,2,27,61,49,3,2,92,0
C0521,Male,0.592,6,1,85,65,58,2,1,59,1
C0522,Male,0.889,4,1,89,26,66,1,4,34,1
C0523,Female,0.323,3,2,59,42,71,2,0,25,0
C0524,Female,0.054,7,1,18,73,33,2,0,53,0
C0525,Female,0.498,6,1,58,64,49,2,0,59,1
C0526,Male,0.549,4,1,63,57,57,2,0,83,0
C0527,Male,0.713,1,0,46,68,71,2,5,76,0
C0528,Male,0.672,5,1,55,84,96,2,0,66,0
C0529,Male,0.528,3,1,92,56,58,3,1,48,1
C0530,Female,0.016,1,1,76,61,42,1,3,47,0
C0531,Female,0.354,3,0,48,62,67,3,5,67,1
C0532,Female,0.051,7,2,36,95,80,1,3,74,0
C0533,Female,0.107,3,3,59,28,63,1,1,69,1
C0534,Male,0.924,1,2,61,70,49,4,1,46,1
C0535,Female,0.354,7,2,73,58,75,4,2,73,0
C0536,Female,0.009,2,1,55,68,71,1,5,69,0
C0537,Female,0.364,0,3,74,50,47,2,3,45,0
C0538,Male,0.866,4,1,99,59,67,1,0,50,1
C0539,Male,0.713,3,3,79,70,75,2,1,74,1
C0540,Male,0.574,4,3,64,100,78,3,0,59,0
C0541,Female,0.0,5,2,61,72,61,4,3,88,1
C0542,Male,0.779,1,3,58,47,56,2,5,71,1
C0543,Male,0.751,4,1,86,53,79,2,4,55,0
C0544,Male,0.817,1,1,53,53,45,2,4,62,1
C0545,Male,0.764,4,1,65,33,68,2,1,64,0
C0546,Male,0.818,0,1,65,55,42,4,2,51,0
C0547,Male,0.993,0,1,55,70,76,3,0,48,1
C0548,Male,0.781,7,1,40,40,58,2,1,74,1
C0549,Male,0.626,0,3,70,75,79,2,2,76,0
C0550,Female,0.235,7,1,63,67,68,1,0,72,1
C0551,Male,0.73,0,2,74,48,44,1,3,87,0
C0552,Female,0.319,0,2,55,57,81,3,4,54,0
C0553,Male,0.976,0,2,86,83,83,2,2,89,1
C0554,Male,0.816,1,3,49,71,74,2,0,48,0
C0555,Female,0.279,3,1,95,60,51,2,1,46,0
C0556,Male,0.616,7,3,33,56,57,3,0,34,0
C0557,Male,0.802,4,2,72,61,64,1,1,55,1
C0558,Male,0.85,0,1,73,52,52,3,4,54,1
C0559,Female,0.064,1,1,50,28,85,3,4,71,0
C0560,Male,0.728,1,2,72,90,64,4,0,66,0
C0561,Male,0.711,1,1,88,62,24,2,0,43,0
C0562,Male,0.796,7,1,25,65,66,1,1,56,1
C0563,Male,0.443,3,2,74,59,57,2,1,57,1
C0564,Male,0.635,7,1,20,48,60,2,2,34,0
C0565,Male,0.706,4,1,47,57,56,1,2,47,1
C0566,Male,0.981,3,2,94,36,73,2,2,50,0
C0567,Male,0.678,2,1,54,94,77,2,0,85,0
C0568,Male,0.827,6,0,43,41,65,3,5,66,1
C0569,Female,0.395,1,0,61,44,57,1,5,73,1
C0570,Male,0.995,7,1,100,53,61,2,5,39,1
C0571,Male,0.989,2,2,32,79,62,3,5,82,0
C0572,Female,0.118,5,1,46,60,50,3,2,83,1
C0573,Male,0.729,7,1,91,41,70,3,0,31,1
C0574,Male,0.7,0,1,98,78,68,3,5,51,1
C0575,Female,0.431,6,1,63,70,83,4,4,70,1
C0576,Female,0.015,0,2,42,68,79,2,3,73,0
C0577,Male,0.883,3,2,100,70,52,2,4,52,1
C0578,Female,0.279,6,1,93,95,73,1,0,58,0
C0579,Male,0.889,7,1,77,92,48,1,0,53,1
C0580,Male,0.989,4,0,50,49,71,1,3,64,0
C0581,Male,1.0,2,1,64,84,54,1,1,82,1
C0582,Female,0.067,4,2,62,65,47,1,1,50,0
C0583,Male,0.965,7,1,70,67,65,1,1,79,1
C0584,Male,0.747,3,1,91,34,24,1,2,50,0
C0585,Male,0.978,0,1,80,57,37,4,1,49,1
C0586,Male,0.959,6,2,45,47,59,1,2,76,1
C0587,Male,0.951,4,3,89,72,63,3,2,77,1
C0588,Male,0.814,7,0,70,76,56,1,1,76,0
C0589,Male,0.7,4,2,77,28,39,4,1,41,1
C0590,Male,0.591,7,1,91,59,50,3,3,55,1
C0591,Male,0.794,0,1,44,76,67,2,5,76,1
C0592,Male,1.0,6,2,64,57,70,2,3,63,0
C0593,Male,0.754,2,2,55,70,61,1,2,45,0
C0594,Male,0.918,0,3,36,65,78,4,3,70,1
C0595,Female,0.149,4,1,71,65,67,3,2,51,1
C0596,Male,0.757,2,1,100,55,51,3,0,91,0
C0597,Male,0.997,7,2,31,41,58,2,2,87,0
C0598,Male,0.364,2,1,64,43,42,2,2,72,0
C0599,Male,0.617,7,1,76,70,60,3,3,84,1
C0600,Male,0.663,0,1,67,60,77,1,5,64,0
C0601,Male,0.677,4,2,62,57,71,2,0,75,0
C0602,Male,0.85,3,1,41,53,81,1,4,86,1
C0603,Male,0.844,4,1,69,55,57,4,4,66,1
C0604,Male,0.859,7,2,51,75,80,1,5,58,1
C0605,Male,0.889,1,1,25,54,59,1,4,35,0
C0606,Male,0.657,6,1,86,39,82,2,0,61,1
C0607,Male,0.617,5,1,82,71,61,3,1,76,1
C0608,Male,0.859,3,0,65,56,71,2,0,78,0
C0609,Male,0.705,2,0,69,60,82,1,3,71,0
C0610,Male,0.564,3,1,84,84,59,1,2,54,0
C0611,Male,0.946,6,2,69,59,65,3,2,31,1
C0612,Female,0.328,2,1,81,64,80,4,3,55,0
C0613,Male,1.0,6,3,59,42,60,3,3,58,1
C0614,Male,0.828,2,1,88,56,43,2,2,57,1
C0615,Female,0.305,3,1,70,69,92,4,5,72,1
C0616,Female,0.401,2,1,68,36,55,2,1,94,0
C0617,Male,0.704,2,1,42,63,64,2,1,64,0
C0618,Male,0.967,1,2,70,61,78,2,1,59,1
C0619,Female,0.461,4,1,50,60,53,2,3,58,0
C0620,Female,0.054,4,1,53,75,47,3,2,64,0
C0621,Male,0.828,5,2,50,65,65,2,5,49,1
C0622,Male,0.994,5,2,45,82,36,2,2,64,1
C0623,Male,0.834,7,2,100,45,57,1,2,70,1
C0624,Male,0.577,7,1,88,62,65,1,5,66,1
C0625,Male,1.0,7,2,99,61,58,2,0,70,1
C0626,Male,0.658,1,1,42,43,40,1,5,69,0
C0627,Male,0.988,5,1,66,74,84,1,0,34,0
C0628,Female,0.437,6,1,41,94,63,2,4,73,1
C0629,Male,0.976,7,1,52,59,82,2,0,52,1
C0630,Male,0.97,7,1,48,67,58,3,1,45,1
C0631,Male,0.865,3,1,87,61,49,2,1,45,1
C0632,Female,0.197,0,2,57,49,65,3,5,69,1
C0633,Male,0.863,6,1,84,32,58,4,1,59,1
C0634,Male,0.498,7,1,75,49,45,3,1,36,0
C0635,Male,0.818,7,1,100,39,82,2,4,70,1
C0636,Male,0.633,7,2,38,85,53,2,1,39,1
C0637,Male,0.826,0,1,87,58,36,4,3,65,1
C0638,Male,0.629,0,1,85,54,80,1,3,66,1
C0639,Male,0.622,1,2,47,73,54,1,3,77,0
C0640,Male,1.0,6,2,83,43,53,2,0,91,1
C0641,Male,0.96,1,1,71,48,37,1,5,41,1
C0642,Male,0.799,2,2,60,61,86,4,5,62,0
C0643,Male,0.828,0,2,50,75,43,2,2,58,1
C0644,Male,0.763,3,2,52,67,62,2,4,69,0
C0645,Male,0.885,5,1,100,63,74,2,3,66,1
C0646,Female,0.118,3,2,65,61,67,2,3,57,0
C0647,Male,0.949,5,1,79,66,61,1,1,55,1
C0648,Male,0.762,0,1,50,63,38,2,3,45,0
C0649,Female,0.305,0,1,50,44,50,3,1,78,1
C0650,Male,0.803,0,0,84,60,64,2,1,70,0
C0651,Male,0.711,1,1,40,43,50,3,2,77,0
C0652,Male,0.849,6,2,57,61,64,1,0,58,1
C0653,Male,0.719,5,0,65,52,71,1,1,52,1
C0654,Female,0.478,6,1,67,98,75,1,1,45,0
C0655,Male,0.982,1,1,61,59,44,2,5,68,1
C0656,Male,0.692,1,1,72,38,92,3,2,46,1
C0657,Male,0.78,4,3,77,57,72,3,1,92,1
C0658,Male,0.869,3,1,78,67,61,2,4,42,1
C0659,Male,0.735,3,1,47,85,77,2,0,67,1
C0660,Male,0.87,2,1,59,51,95,3,4,88,1
C0661,Male,0.883,7,1,86,36,41,1,3,72,1
C0662,Female,0.137,1,0,81,72,58,1,0,65,0
C0663,Male,0.709,5,2,40,39,28,4,3,47,0
C0664,Male,0.659,4,3,71,53,64,2,5,40,1
C0665,Male,0.754,4,1,29,56,67,4,1,75,1
C0666,Male,0.655,7,2,65,58,61,2,2,87,0
C0667,Male,0.885,6,2,99,70,52,3,4,55,1
C0668,Male,0.626,7,2,47,49,33,1,3,44,0
C0669,Male,1.0,7,1,49,55,67,1,1,23,0
C0670,Male,0.994,7,1,78,59,82,2,4,47,1
C0671,Male,0.802,3,1,37,62,53,2,4,61,0
C0672,Female,0.296,1,2,53,61,68,1,5,88,1
C0673,Male,0.554,2,2,75,66,40,1,5,73,1
C0674,Male,1.0,1,1,53,72,68,1,3,67,1
C0675,Male,0.711,6,1,60,65,56,3,1,56,1
C0676,Female,0.206,0,2,78,66,51,2,2,53,1
C0677,Male,0.522,7,2,72,36,51,1,3,85,1
C0678,Male,0.873,1,3,69,60,56,1,4,66,1
C0679,Female,0.217,6,2,58,67,67,1,4,29,0
C0680,Female,0.0,0,1,71,70,43,2,0,52,0
C0681,Female,0.254,0,1,62,49,56,1,1,49,0
C0682,Male,0.638,7,2,73,50,61,3,0,54,1
C0683,Male,0.679,2,1,56,51,46,1,5,72,1
C0684,Male,0.834,5,1,61,68,87,1,2,61,0
C0685,Female,0.118,3,2,47,75,50,3,3,61,0
C0686,Male,0.688,1,1,64,53,52,3,4,84,1
C0687,Male,0.899,0,2,50,73,48,1,1,51,1
C0688,Male,1.0,1,1,44,61,87,3,4,92,1
C0689,Female,0.331,5,3,69,58,69,2,5,52,1
C0690,Male,0.662,3,0,68,56,48,3,0,64,1
C0691,Male,0.745,5,1,79,71,77,2,0,58,0
C0692,Male,0.805,3,1,57,64,64,2,3,64,1
C0693,Male,0.748,4,1,72,94,65,4,1,70,1
C0694,Male,0.935,3,2,74,47,57,1,5,69,1
C0695,Male,0.833,7,2,73,67,51,2,1,50,1
C0696,Male,0.936,2,1,50,52,66,2,3,45,0
C0697,Male,0.753,5,1,67,46,54,1,5,100,1
C0698,Male,0.999,0,1,71,59,87,1,5,55,1
C0699,Male,0.775,7,1,65,62,44,1,0,74,0
C0700,Male,0.654,4,2,27,100,83,2,0,37,0
C0701,Male,1.0,2,2,67,57,60,2,0,58,1
C0702,Male,0.526,1,2,100,43,66,2,4,60,1
C0703,Male,0.689,7,2,58,64,73,1,2,70,1
C0704,Male,0.706,5,1,51,28,53,2,0,19,1
C0705,Male,1.0,6,2,71,58,74,4,2,65,1
C0706,Female,0.341,6,2,70,60,24,2,2,44,1
C0707,Male,1.0,0,2,86,71,51,2,1,68,1
C0708,Female,0.382,3,2,42,74,49,3,3,46,0
C0709,Male,1.0,0,1,78,52,44,3,4,49,1
C0710,Male,0.855,6,2,75,57,58,2,2,58,1
C0711,Female,0.177,1,1,62,48,67,3,4,46,1
C0712,Male,0.827,4,1,71,43,71,2,1,55,0
C0713,Male,0.793,4,1,83,64,65,3,0,43,1
C0714,Male,0.762,5,3,80,40,52,1,5,33,0
C0715,Male,0.769,4,2,44,53,67,1,2,79,0
C0716,Female,0.178,5,2,79,45,63,1,3,42,1
C0717,Female,0.205,7,2,63,68,75,3,5,60,0
C0718,Female,0.363,5,1,66,87,72,2,1,75,1
C0719,Male,1.0,7,2,66,40,62,1,4,53,1
C0720,Female,0.202,5,1,62,32,49,1,0,49,1
C0721,Female,0.11,6,1,86,58,52,4,4,66,0
C0722,Male,0.908,6,1,63,60,54,3,3,80,0
C0723,Male,0.972,3,2,44,63,57,2,2,44,1
C0724,Female,0.335,7,2,57,53,65,2,3,60,0
C0725,Male,0.831,2,1,68,56,72,2,4,35,0
C0726,Female,0.131,7,0,87,65,61,2,4,56,1
C0727,Male,1.0,5,2,75,75,62,4,5,63,1
C0728,Female,0.238,5,0,49,30,64,1,3,49,0
C0729,Male,0.84,2,2,100,54,54,2,3,55,1
C0730,Male,1.0,0,3,69,63,49,2,3,40,0
C0731,Male,0.481,5,1,87,46,37,2,0,64,0
C0732,Female,0.318,3,1,62,85,52,2,4,79,0
C0733,Male,1.0,4,2,74,50,68,2,1,45,1
C0734,Male,0.964,4,2,80,59,52,1,0,53,1
C0735,Male,0.878,1,1,86,68,58,2,0,71,1
C0736,Female,0.373,1,3,84,51,68,1,0,82,0
C0737,Male,0.668,4,1,80,32,69,1,5,39,0
C0738,Female,0.145,4,1,59,53,46,1,1,60,1
C0739,Male,1.0,6,2,54,75,75,3,3,67,1
C0740,Male,0.706,3,2,70,54,77,2,5,61,0
C0741,Male,0.815,2,1,81,47,46,2,4,23,1
C0742,Male,0.687,1,2,60,73,50,3,2,71,0
C0743,Female,0.297,6,1,84,55,78,2,5,87,1
C0744,Male,0.719,6,1,91,52,59,2,2,64,0
C0745,Male,0.785,2,1,48,62,30,2,4,46,1
C0746,Female,0.656,6,2,49,71,42,2,1,54,1
C0747,Male,0.558,7,1,62,95,58,2,2,91,1
C0748,Male,0.801,3,1,70,72,45,2,0,77,0
C0749,Female,0.112,4,1,55,77,56,3,5,73,0
C0750,Male,1.0,5,2,89,52,62,3,2,68,1
C0751,Male,0.491,2,2,72,44,82,1,4,52,1
C0752,Female,0.369,4,2,65,60,57,1,0,59,0
C0753,Male,0.803,4,1,39,61,77,2,2,61,0
C0754,Male,0.745,0,1,41,43,82,2,4,71,1
C0755,Male,0.634,7,1,70,57,82,1,1,87,1
C0756,Female,0.235,2,2,26,65,65,3,4,80,0
C0757,Male,0.651,6,2,83,65,34,1,1,40,0
C0758,Male,0.757,5,0,62,67,68,4,0,66,0
C0759,Female,0.157,2,2,100,64,76,3,4,74,1
C0760,Female,0.224,6,1,100,52,60,3,3,72,0
C0761,Male,0.977,4,1,61,52,86,1,5,52,1
C0762,Male,0.876,5,1,63,42,74,1,3,100,1
C0763,Male,0.967,6,1,82,86,69,2,3,42,1
C0764,Female,0.377,3,1,95,60,77,1,3,45,1
C0765,Male,0.754,6,1,35,56,66,2,5,66,1
C0766,Male,0.996,0,1,32,46,27,2,3,96,0
C0767,Female,0.07,7,2,53,100,55,1,1,49,0
C0768,Female,0.085,4,1,75,43,78,1,4,58,0
C0769,Male,1.0,6,1,73,53,50,3,0,80,0
C0770,Female,0.0,7,2,84,66,58,1,3,62,1
C0771,Male,0.725,1,1,43,69,47,1,3,57,1
C0772,Female,0.0,1,1,23,74,86,2,0,72,0
C0773,Male,0.706,7,2,80,87,85,4,0,67,1
C0774,Male,0.615,7,1,50,67,49,2,3,79,1
C0775,Female,0.318,0,1,28,44,64,1,1,83,0
C0776,Male,0.582,3,1,67,56,52,2,0,67,1
C0777,Male,0.891,4,2,79,64,70,4,4,67,1
C0778,Female,0.419,2,1,62,91,69,3,4,66,1
C0779,Female,0.108,0,2,56,39,73,2,1,70,0
C0780,Male,1.0,3,1,62,78,66,2,5,63,0
C0781,Male,0.877,7,1,58,62,100,2,2,62,0
C0782,Male,0.912,2,1,40,72,47,1,1,82,1
C0783,Male,0.686,7,2,52,58,38,2,3,87,0
C0784,Male,0.893,7,1,74,47,56,3,2,38,0
C0785,Male,0.969,1,1,70,71,40,4,3,63,1
C0786,Female,0.389,1,1,68,69,41,1,4,51,1
C0787,Male,1.0,2,1,47,74,47,1,0,58,1
C0788,Male,0.807,0,3,61,59,49,2,3,69,0
C0789,Male,0.971,1,1,25,51,48,3,4,73,0
C0790,Female,0.0,4,1,68,36,69,3,1,61,0
C0791,Male,0.888,7,1,90,72,54,1,3,32,1
C0792,Male,0.549,5,3,38,66,59,1,4,47,0
C0793,Male,0.856,6,1,54,45,74,2,0,77,1
C0794,Male,0.69,2,1,70,51,51,2,3,19,0
C0795,Male,0.673,2,2,87,52,58,3,5,81,1
C0796,Female,0.0,1,2,56,37,67,2,4,71,0
C0797,Female,0.359,0,1,52,47,34,3,3,84,0
C0798,Male,0.65,7,1,29,42,28,2,0,59,0
C0799,Male,0.746,4,1,66,53,66,3,3,30,0
C0800,Female,0.175,0,1,100,48,68,2,3,69,1
C0801,Male,1.0,3,1,69,35,90,3,5,83,1
C0802,Male,0.696,3,1,64,90,64,1,4,77,0
C0803,Male,0.879,5,1,70,78,73,2,2,52,0
C0804,Male,1.0,1,1,64,48,59,1,3,64,0
C0805,Male,0.725,1,2,50,64,66,2,2,54,0
C0806,Female,0.294,1,3,79,66,85,2,1,49,1
C0807,Female,0.0,5,1,69,77,32,1,3,78,0
C0808,Female,0.225,3,1,65,47,67,4,2,43,1
C0809,Male,0.94,0,1,47,76,91,1,1,48,0
C0810,Male,0.771,5,3,88,51,65,3,5,45,1
C0811,Female,0.397,5,1,76,39,85,4,4,39,0
C0812,Female,0.33,0,1,55,70,53,1,3,65,0
C0813,Male,0.749,1,1,83,79,61,2,4,81,0
C0814,Female,0.338,4,1,56,98,62,1,1,60,0
C0815,Female,0.306,0,1,50,42,30,1,4,38,0
C0816,Male,0.82,3,1,51,70,45,2,4,76,1
C0817,Male,0.797,2,0,33,53,46,4,0,89,0
C0818,Male,0.782,7,3,73,71,73,1,1,52,1
C0819,Male,0.784,2,1,32,37,74,2,4,55,0
C0820,Male,0.783,6,2,42,41,66,2,2,71,1
C0821,Female,0.2,6,2,27,48,73,3,1,88,0
C0822,Male,0.891,5,1,63,61,59,1,0,54,1
C0823,Male,0.863,7,1,62,50,78,2,3,41,0
C0824,Male,0.345,2,1,59,69,62,2,5,73,0
C0825,Male,0.845,4,1,46,75,62,2,4,75,1
C0826,Female,0.0,1,2,43,68,58,4,2,63,0
C0827,Male,0.897,3,2,73,84,71,3,0,54,1
C0828,Male,1.0,6,1,55,66,56,1,1,78,1
C0829,Female,0.064,4,1,70,41,75,2,5,71,0
C0830,Male,0.761,3,2,49,80,46,2,5,50,0
C0831,Male,0.71,3,2,68,50,46,2,4,63,0
C0832,Male,0.985,1,2,88,73,71,2,0,41,1
C0833,Male,0.814,7,1,75,83,60,2,0,73,1
C0834,Male,1.0,5,1,57,66,55,2,2,58,0
C0835,Male,0.862,2,2,69,37,74,4,3,56,1
C0836,Male,0.836,1,2,60,46,53,1,3,62,0
C0837,Female,0.292,4,1,65,79,59,4,3,63,1
C0838,Male,0.923,5,0,59,57,81,2,5,77,1
C0839,Male,0.539,4,1,62,61,83,2,5,72,1
C0840,Male,0.813,5,1,68,71,84,3,1,60,0
C0841,Male,0.789,7,1,47,70,58,2,5,75,1
C0842,Male,0.909,6,3,46,64,79,2,5,69,1
C0843,Male,0.772,4,1,40,56,48,2,0,56,1
C0844,Female,0.315,1,2,36,55,49,2,1,61,0
C0845,Male,0.801,5,1,43,72,29,4,0,60,0
C0846,Male,0.638,5,2,67,68,85,3,2,71,1
C0847,Male,0.511,3,3,48,56,49,1,2,57,1
C0848,Female,0.173,3,1,74,76,60,1,1,56,0
C0849,Male,0.887,0,0,65,58,49,2,1,94,0
C0850,Male,0.87,4,1,29,47,71,1,5,78,0
C0851,Male,0.995,3,1,76,48,56,2,2,50,0
C0852,Female,0.0,0,2,79,45,43,1,4,72,0
C0853,Male,0.585,6,2,47,55,68,2,3,64,1
C0854,Female,0.164,6,1,72,78,41,1,5,69,1
C0855,Male,0.748,3,1,49,47,50,2,3,65,0
C0856,Male,0.674,4,1,66,62,32,2,2,82,1
C0857,Male,0.788,5,2,42,50,42,2,3,68,0
C0858,Male,0.708,2,0,32,56,64,4,4,62,0
C0859,Male,0.525,7,1,58,37,34,3,4,79,0
C0860,Male,0.734,4,1,62,56,41,2,0,66,0
C0861,Female,0.14,7,1,57,57,61,1,1,64,0
C0862,Male,0.835,1,1,43,68,54,3,3,68,1
C0863,Male,0.702,6,2,57,63,89,4,4,61,1
C0864,Male,0.967,3,1,69,42,87,3,1,63,0
C0865,Male,1.0,3,1,64,76,49,1,1,53,1
C0866,Male,0.902,7,2,68,63,69,4,0,50,1
C0867,Male,0.567,5,2,52,62,72,1,1,47,0
C0868,Male,1.0,7,0,86,59,53,3,1,40,1
C0869,Female,0.282,1,1,43,52,41,4,5,48,0
C0870,Female,0.309,5,1,73,63,61,1,2,60,0
C0871,Male,0.998,1,1,86,67,59,4,0,64,0
C0872,Male,0.717,2,1,73,33,55,2,0,58,0
C0873,Male,0.52,6,1,61,51,68,4,3,25,0
C0874,Male,0.686,3,1,55,56,51,1,1,88,1
C0875,Male,1.0,3,2,83,63,45,4,3,80,1
C0876,Male,0.576,2,1,39,77,63,1,5,70,0
C0877,Male,0.8,0,2,47,48,67,3,4,93,1
C0878,Male,0.805,6,1,57,52,45,2,1,47,1
C0879,Male,0.723,5,3,87,52,74,2,4,93,1
C0880,Male,0.733,2,2,71,47,37,1,2,47,0
C0881,Male,0.811,5,2,47,54,53,3,5,66,0
C0882,Male,0.716,7,2,59,71,58,1,1,42,0
C0883,Male,0.587,4,2,53,44,53,2,3,63,0
C0884,Male,0.832,3,1,52,66,54,1,3,69,0
C0885,Female,0.424,5,1,82,34,88,4,1,60,0
C0886,Male,0.93,1,1,40,51,50,1,3,74,0
C0887,Male,0.679,5,2,93,55,96,1,1,64,1
C0888,Male,0.612,4,2,79,85,68,1,0,54,1
C0889,Male,0.757,6,1,84,55,63,2,3,53,1
C0890,Male,1.0,3,1,56,26,68,1,1,75,0
C0891,Female,0.302,7,1,62,30,97,2,1,52,0
C0892,Female,0.243,2,2,39,60,48,3,3,77,1
C0893,Female,0.55,7,1,55,69,46,3,0,82,1
C0894,Male,0.863,4,1,73,65,51,2,3,36,0
C0895,Male,0.818,3,1,88,62,62,1,1,81,1
C0896,Male,0.899,5,1,45,77,37,2,0,95,1
C0897,Male,0.718,6,2,58,51,62,1,4,67,1
C0898,Female,0.076,0,2,62,73,85,3,2,72,1
C0899,Male,0.908,6,2,39,35,64,1,3,79,1
C0900,Male,0.986,0,1,75,46,57,2,5,58,0
C0901,Male,0.632,1,1,51,32,53,2,1,65,0
C0902,Male,0.923,6,1,61,55,74,3,0,41,1
C0903,Male,1.0,3,2,56,59,50,1,0,65,0
C0904,Male,0.8,0,1,50,61,87,2,4,70,0
C0905,Male,0.677,2,1,64,60,89,1,3,71,0
C0906,Female,0.265,3,1,61,46,65,3,5,80,1
C0907,Female,0.076,2,2,58,57,61,4,0,50,0
C0908,Male,0.707,6,1,51,37,76,2,4,54,0
C0909,Male,0.865,2,2,70,80,77,2,1,93,0
C0910,Male,0.559,0,1,94,55,50,4,4,60,1
C0911,Male,0.583,3,1,67,52,54,2,3,66,0
C0912,Male,0.803,5,0,82,83,43,2,4,61,1
C0913,Male,0.797,4,1,39,41,67,2,0,49,0
C0914,Male,0.852,0,1,67,43,71,2,0,88,1
C0915,Male,1.0,0,1,45,43,43,1,2,54,0
C0916,Male,0.816,5,1,38,58,55,3,4,44,1
C0917,Male,0.89,3,2,51,66,43,2,1,55,0
C0918,Female,0.091,3,1,86,71,49,1,5,30,0
C0919,Female,0.116,7,2,82,98,69,3,5,52,0
C0920,Male,0.721,6,1,69,26,51,2,3,47,0
C0921,Female,0.22,2,2,37,69,57,1,2,72,0
C0922,Male,0.784,6,1,61,51,39,2,4,52,1
C0923,Female,0.198,5,1,70,51,64,3,1,77,0
C0924,Female,0.113,6,1,68,50,61,3,2,85,0
C0925,Male,0.458,5,1,31,46,51,4,0,75,0
C0926,Male,0.768,3,1,48,85,59,3,3,59,0
C0927,Male,0.87,2,2,63,72,64,1,4,65,0
C0928,Male,0.823,6,2,74,60,50,2,5,38,0
C0929,Male,0.985,0,2,25,80,41,3,1,60,1
C0930,Male,0.866,1,2,62,37,87,2,0,49,1
C0931,Male,0.715,7,1,67,40,53,2,2,74,1
C0932,Female,0.18,4,1,80,27,60,2,3,100,0
C0933,Female,0.122,0,1,77,49,76,2,2,70,0
C0934,Male,0.954,3,1,75,62,100,4,5,31,0
C0935,Male,0.741,4,1,50,61,44,2,2,57,1
C0936,Male,0.804,1,1,30,62,68,2,1,64,1
C0937,Male,0.863,1,1,57,38,52,4,0,64,1
C0938,Female,0.013,2,1,83,72,54,2,4,51,0
C0939,Male,0.893,4,2,90,63,51,1,1,66,1
C0940,Male,1.0,2,2,77,70,46,2,5,43,1
C0941,Male,0.774,0,1,72,31,61,3,3,47,0
C0942,Male,0.631,5,2,71,64,41,3,5,73,1
C0943,Male,0.79,5,3,54,42,75,3,5,46,1
C0944,Female,0.0,5,1,62,54,62,3,2,71,1
C0945,Male,0.851,4,1,95,68,67,1,3,41,0
C0946,Male,0.868,5,1,48,61,55,3,1,91,1
C0947,Male,1.0,0,2,94,47,56,3,5,50,1
C0948,Female,0.106,2,2,59,60,66,1,1,59,0
C0949,Female,0.233,4,1,88,37,45,1,4,68,0
C0950,Male,0.671,2,1,39,77,56,4,2,53,1
C0951,Male,0.747,4,1,75,56,49,3,1,65,1
C0952,Male,0.571,2,1,51,76,49,3,3,72,1
C0953,Male,0.771,1,1,39,52,32,3,5,78,1
C0954,Female,0.127,2,2,68,52,80,2,4,75,0
C0955,Male,0.845,5,2,83,48,52,2,3,60,1
C0956,Male,0.706,1,2,49,73,78,2,2,60,1
C0957,Male,0.813,2,2,38,49,76,1,4,100,0
C0958,Male,0.75,4,2,63,69,43,3,4,78,1
C0959,Male,0.75,4,1,63,54,46,2,4,48,1
C0960,Female,0.339,7,1,74,30,97,2,5,64,1
C0961,Male,0.806,4,1,82,51,86,2,0,57,1
C0962,Male,0.914,3,2,63,42,61,2,4,60,0
C0963,Male,0.782,0,1,98,60,65,1,3,43,1
C0964,Male,0.748,4,2,69,42,53,1,3,56,0
C0965,Male,0.773,1,1,58,73,68,1,2,91,0
C0966,Male,0.693,7,1,35,58,51,1,1,72,1
C0967,Male,0.746,4,1,60,57,33,4,1,23,1
C0968,Male,1.0,3,0,58,69,43,1,0,82,0
C0969,Male,0.663,5,2,82,74,62,1,5,80,1
C0970,Male,0.758,1,2,73,59,46,2,5,57,0
C0971,Male,0.742,3,1,43,48,61,2,4,74,0
C0972,Female,0.166,5,1,68,33,46,1,0,49,0
C0973,Female,0.242,6,1,77,49,51,3,2,55,1
C0974,Male,0.842,6,0,92,50,73,3,2,86,1
C0975,Male,0.543,1,1,80,61,65,1,1,58,1
C0976,Male,0.956,2,2,78,54,61,1,2,33,0
C0977,Male,0.895,0,1,66,70,74,4,4,61,0
C0978,Male,0.614,7,1,71,50,68,3,3,61,1
C0979,Male,0.46,0,1,87,59,82,2,2,82,1
C0980,Male,0.653,3,1,41,77,55,1,0,63,0
C0981,Male,0.764,5,1,58,65,55,2,4,56,0
C0982,Female,0.216,0,1,51,59,43,2,2,79,0
C0983,Male,0.881,5,1,71,50,55,1,5,64,0
C0984,Male,0.529,5,1,87,50,75,2,2,50,0
C0985,Female,0.508,3,1,54,47,80,2,5,81,0
C0986,Male,0.792,3,1,21,51,75,2,4,66,1
C0987,Male,0.838,3,1,57,71,36,3,2,63,1
C0988,Male,0.603,0,3,81,56,77,3,5,65,1
C0989,Male,0.78,6,1,74,39,36,2,3,45,0
C0990,Female,0.349,3,1,72,86,74,3,1,54,1
C0991,Female,0.181,7,1,59,64,56,1,4,63,1
C0992,Male,0.839,0,1,41,38,71,3,5,59,0
C0993,Male,0.916,3,1,74,53,43,1,0,83,0
C0994,Male,0.926,4,2,49,61,78,1,2,66,0
C0995,Male,0.886,5,2,100,85,41,2,5,76,1
C0996,Male,0.725,7,1,75,43,52,2,5,63,1
C0997,Female,0.063,3,1,54,74,48,4,5,79,1
C0998,Male,0.846,1,1,53,80,37,2,1,69,1
C0999,Female,0.106,5,2,63,50,63,1,0,63,1
C1000,Male,0.708,5,1,60,55,87,2,0,62,1
C1001,Male,0.725,3,1,85,44,99,2,3,47,0
C1002,Male,0.811,6,1,68,56,63,2,1,71,0
C1003,Female,0.05,2,1,51,59,77,2,5,62,0
C1004,Female,0.041,6,1,99,69,65,3,4,54,1
C1005,Female,0.138,3,1,65,76,68,3,1,80,1
C1006,Male,0.675,5,1,78,48,57,4,1,42,1
C1007,Male,0.726,7,2,54,30,64,1,0,56,0
C1008,Female,0.356,1,1,71,59,69,3,3,79,1
C1009,Male,0.74,7,1,70,64,53,2,3,68,0
C1010,Male,0.936,7,2,30,63,60,2,1,62,0
C1011,Male,0.744,5,1,100,55,61,2,1,67,1
C1012,Female,0.375,6,1,88,61,73,4,2,65,1
C1013,Female,0.0,1,1,57,82,47,3,5,38,1
C1014,Male,0.714,0,0,45,65,61,4,0,57,0
C1015,Male,0.704,4,2,71,54,88,3,5,88,1
C1016,Female,0.135,5,1,66,52,78,4,4,52,0
C1017,Male,0.948,3,1,71,57,80,3,4,57,1
C1018,Male,0.919,0,1,68,84,62,2,3,54,1
C1019,Female,0.209,4,1,74,57,66,1,0,61,0
C1020,Male,0.869,3,2,91,59,76,2,5,53,1
C1021,Male,1.0,7,1,75,52,83,1,3,70,0
C1022,Male,0.807,2,0,46,76,34,2,4,66,1
C1023,Female,0.305,3,2,89,89,43,2,1,75,0
C1024,Female,0.063,1,1,94,66,80,2,0,46,0
C1025,Female,0.222,1,2,100,61,58,4,0,57,1
C1026,Male,0.62,2,2,44,60,52,4,5,59,0
C1027,Female,0.323,0,2,69,24,44,1,2,70,0
C1028,Female,0.221,4,1,27,71,54,2,5,50,1
C1029,Male,0.74,3,1,74,62,42,2,1,77,1
C1030,Female,0.212,1,2,55,66,91,2,1,81,1
C1031,Male,0.675,0,1,99,49,61,3,3,47,0
C1032,Male,0.726,2,1,51,54,61,2,0,55,0
C1033,Male,1.0,6,2,34,53,70,2,3,54,1
C1034,Male,0.859,5,2,56,75,75,3,1,100,1
C1035,Male,0.675,6,1,29,54,75,3,2,56,0
C1036,Male,0.96,6,1,78,91,77,1,0,89,0
C1037,Male,0.803,1,1,27,66,53,3,1,42,1
C1038,Female,0.23,7,2,65,40,57,2,2,47,0
C1039,Male,0.62,7,2,27,58,72,1,5,52,1
C1040,Male,0.651,2,1,59,50,54,1,4,49,1
C1041,Male,0.676,3,1,94,27,61,2,1,58,0
C1042,Female,0.398,7,2,71,83,67,2,4,51,0
C1043,Male,0.812,6,1,49,70,72,1,3,49,1
C1044,Male,1.0,7,1,64,67,37,2,4,81,1
C1045,Female,0.296,6,3,65,62,72,3,1,82,0
C1046,Male,0.394,4,1,73,39,58,1,4,78,1
C1047,Male,0.839,1,1,40,52,71,1,0,71,0
C1048,Male,0.582,1,1,75,72,72,3,1,64,1
C1049,Female,0.0,3,1,16,44,84,1,2,55,0
C1050,Male,0.678,7,2,53,22,80,4,4,47,1
C1051,Female,0.0,7,1,56,56,80,2,0,68,1
C1052,Male,0.594,5,3,76,57,82,2,3,44,1
C1053,Female,0.147,0,1,65,62,66,1,3,47,0
C1054,Female,0.051,4,1,39,70,62,1,4,81,0
C1055,Female,0.252,1,1,47,69,74,1,3,93,1
C1056,Male,1.0,4,1,68,63,72,1,2,69,1
C1057,Female,0.517,1,1,63,77,57,2,1,80,0
C1058,Male,0.757,4,1,54,37,67,1,0,59,0
C1059,Male,0.421,2,1,56,67,61,2,5,41,0
C1060,Male,0.755,6,1,77,69,50,2,4,72,1
C1061,Female,0.101,1,2,55,41,80,1,3,72,0
C1062,Female,0.32,4,2,63,37,62,1,1,64,0
C1063,Female,0.285,7,2,100,48,90,1,5,59,1
C1064,Male,0.933,0,0,39,50,39,1,2,78,0
C1065,Male,1.0,2,1,31,71,54,3,3,47,1
C1066,Female,0.11,2,2,79,50,62,2,3,50,0
C1067,Male,0.722,0,1,52,47,77,3,0,46,0
C1068,Male,0.582,4,0,59,50,67,2,2,64,1
C1069,Male,0.739,7,2,50,76,66,2,2,45,1
C1070,Male,0.658,3,2,60,60,46,2,4,52,0
C1071,Male,0.868,0,1,93,57,45,3,5,51,1
C1072,Male,0.623,4,1,79,58,66,1,0,58,1
C1073,Male,0.789,0,2,80,79,42,1,4,39,0
C1074,Male,0.926,0,1,39,48,54,2,0,64,0
C1075,Female,0.218,1,2,44,79,69,2,2,82,0
C1076,Male,0.658,4,2,13,63,48,2,0,65,1
C1077,Male,0.976,3,2,50,57,84,2,0,87,0
C1078,Male,0.518,6,1,82,97,79,2,0,84,1
C1079,Male,0.751,1,1,74,44,40,2,1,75,1
C1080,Female,0.281,0,2,61,54,48,2,1,64,0
C1081,Female,0.308,6,1,64,41,29,3,5,63,0
C1082,Male,0.827,5,2,52,74,51,3,5,75,0
C1083,Male,0.892,6,1,68,85,72,2,2,56,1
C1084,Female,0.176,0,1,78,85,56,2,0,32,0
C1085,Female,0.032,0,2,35,78,68,3,2,70,0
C1086,Male,0.739,7,2,70,57,40,2,1,44,1
C1087,Male,0.708,4,2,81,54,73,2,0,47,1
C1088,Male,0.918,4,2,57,34,54,3,4,63,0
C1089,Female,0.0,1,1,77,90,62,2,1,61,1
C1090,Male,0.927,3,2,100,67,60,1,1,40,0
C1091,Female,0.222,1,2,63,52,44,3,1,65,1
C1092,Male,0.722,2,1,72,79,45,1,0,78,1
C1093,Male,0.893,0,1,51,45,75,3,5,44,0
C1094,Male,0.691,6,1,68,66,67,3,3,83,1
C1095,Male,0.896,5,1,73,57,76,4,4,38,1
C1096,Male,0.832,0,2,68,69,66,1,4,96,1
C1097,Male,0.711,0,1,46,59,64,2,2,56,0
C1098,Male,0.879,1,1,68,38,37,2,0,65,0
C1099,Female,0.392,5,1,91,61,58,2,5,32,0
C1100,Male,0.974,5,1,73,75,61,1,1,62,0
C1101,Male,0.945,5,1,82,59,89,2,3,66,1
C1102,Female,0.306,1,1,60,71,71,2,0,61,1
C1103,Female,0.0,0,2,78,44,83,1,0,53,0
C1104,Female,0.294,1,1,70,59,70,2,5,47,1
C1105,Female,0.467,4,1,47,50,52,3,3,81,0
C1106,Male,0.942,4,1,70,71,63,3,1,63,1
C1107,Male,0.865,1,2,47,60,65,4,0,87,0
C1108,Female,0.331,5,1,53,70,48,2,4,54,0
C1109,Male,0.781,7,2,68,76,56,4,4,56,1
C1110,Male,0.788,0,2,70,70,59,3,3,76,1
C1111,Female,0.266,1,2,43,64,84,1,1,37,0
C1112,Male,0.693,1,1,83,45,32,1,3,43,1
C1113,Male,0.761,1,2,75,59,78,2,0,80,1
C1114,Male,0.45,7,1,52,52,48,2,4,44,0
C1115,Male,1.0,7,2,37,54,42,2,2,33,1
C1116,Male,0.639,2,1,62,54,78,2,3,92,1
C1117,Male,0.849,4,1,56,45,72,3,2,40,1
C1118,Female,0.26,6,1,67,30,79,2,2,65,1
C1119,Male,0.785,5,1,58,49,73,1,5,64,1
C1120,Male,0.921,3,2,28,62,90,3,4,18,1
C1121,Female,0.259,7,1,58,39,69,2,3,58,0
C1122,Female,0.369,6,1,59,60,59,4,2,70,1
C1123,Female,0.037,7,1,76,88,66,1,0,68,0
C1124,Female,0.356,5,2,52,75,79,4,5,77,1
C1125,Male,0.953,3,2,95,84,51,1,1,56,1
C1126,Male,0.731,2,2,30,65,52,1,5,74,0
C1127,Male,0.961,1,2,88,77,57,1,1,51,0
C1128,Male,0.967,2,1,60,49,32,3,4,40,1
C1129,Male,0.962,7,1,80,50,63,3,3,42,1
C1130,Male,0.701,2,2,66,18,35,2,3,39,0
C1131,Female,0.0,6,1,85,77,62,4,1,79,1
C1132,Male,0.836,0,1,58,83,74,2,0,38,0
C1133,Male,0.594,7,0,45,51,55,2,1,67,1
C1134,Male,1.0,7,1,90,56,85,3,1,58,1
C1135,Male,0.798,6,0,62,48,41,1,3,61,0
C1136,Male,0.843,4,2,68,65,78,2,2,84,1
C1137,Female,0.208,3,1,87,76,71,4,0,55,1
C1138,Male,0.601,1,1,46,33,37,4,3,72,1
C1139,Male,0.709,6,0,75,66,99,4,5,63,1
C1140,Male,0.833,3,2,54,55,61,4,1,60,0
C1141,Female,0.098,5,1,62,61,49,1,2,99,1
C1142,Male,0.824,3,2,66,66,42,3,0,39,0
C1143,Male,0.852,5,2,37,57,58,2,4,83,1
C1144,Male,0.749,6,1,50,58,60,4,0,73,0
C1145,Male,0.874,7,2,89,56,63,2,0,55,1
C1146,Female,0.0,7,3,80,74,57,2,1,89,0
C1147,Female,0.156,4,2,63,66,70,2,1,33,1
C1148,Male,0.921,6,2,69,63,56,2,4,54,0
C1149,Female,0.212,5,1,59,40,34,1,4,43,0
C1150,Female,0.057,3,1,89,54,59,3,4,69,0
C1151,Male,0.643,3,1,61,73,28,3,3,45,0
C1152,Female,0.178,5,1,69,60,66,1,3,69,1
C1153,Male,0.798,2,3,85,69,48,3,1,60,0
C1154,Male,0.866,4,1,51,86,64,2,1,55,0
C1155,Male,1.0,0,2,93,75,80,2,4,69,1
C1156,Female,0.01,7,2,37,61,48,1,3,58,1
C1157,Male,0.989,1,2,94,52,76,3,2,45,0
C1158,Female,0.061,3,3,58,21,55,3,3,100,1
C1159,Female,0.0,1,1,60,57,86,2,1,55,0
C1160,Male,0.791,0,0,30,55,56,2,3,27,0
C1161,Female,0.308,6,1,56,65,50,1,1,49,1
C1162,Male,1.0,1,1,46,57,71,2,4,42,1
C1163,Male,0.919,0,0,54,55,55,1,4,76,0
C1164,Female,0.264,7,1,62,33,50,1,4,68,1
C1165,Male,0.985,5,2,82,45,55,2,2,69,1
C1166,Female,0.231,2,1,68,67,61,4,2,57,1
C1167,Female,0.062,7,1,70,85,80,2,1,58,0
C1168,Male,0.603,3,2,45,58,34,1,0,57,1
C1169,Male,0.799,0,1,49,64,62,2,5,61,0
C1170,Male,0.753,1,0,97,74,70,3,2,76,0
C1171,Male,0.899,3,2,51,47,64,3,1,68,1
C1172,Female,0.127,2,1,94,65,80,3,3,71,0
C1173,Male,1.0,5,2,60,48,60,2,4,70,1
C1174,Male,0.71,6,0,65,72,59,3,4,77,0
C1175,Male,0.906,3,2,84,62,70,1,4,67,0
C1176,Male,0.824,6,1,87,64,63,2,1,68,1
C1177,Female,0.066,0,1,63,48,56,2,4,82,0
C1178,Male,0.662,2,1,58,70,69,2,2,52,1
C1179,Female,0.473,1,2,63,91,52,4,3,49,1
C1180,Male,0.967,2,1,71,44,53,3,4,44,0
C1181,Female,0.336,2,1,81,54,54,1,1,65,0
C1182,Male,0.625,4,3,65,63,80,1,3,33,1
C1183,Male,0.779,2,2,76,71,16,2,4,70,1
C1184,Female,0.374,2,1,94,51,67,1,0,61,0
C1185,Male,0.817,7,2,71,17,62,2,4,81,1
C1186,Female,0.0,3,1,70,80,38,4,5,52,0
C1187,Male,0.874,1,1,37,71,66,4,2,59,0
C1188,Male,0.915,7,1,17,33,68,2,3,80,1
C1189,Male,0.732,7,2,71,50,70,3,2,85,0
C1190,Male,0.875,3,2,63,83,24,2,0,52,1
C1191,Male,0.751,3,1,55,81,81,1,0,65,0
C1192,Male,0.908,0,1,69,74,51,2,5,67,1
C1193,Male,0.825,3,1,63,57,71,2,2,68,0
C1194,Male,0.872,4,3,85,61,72,3,3,58,1
C1195,Male,0.686,4,3,66,58,49,1,0,83,0
C1196,Female,0.077,7,1,51,76,71,2,0,32,1
C1197,Female,0.416,6,2,82,46,56,2,4,56,0
C1198,Female,0.25,0,2,61,47,33,4,5,70,1
C1199,Female,0.29,6,1,74,75,78,2,1,70,0
C1200,Male,0.754,6,1,56,59,51,3,0,84,1
C1201,Female,0.111,7,1,53,80,50,3,3,82,1
C1202,Male,0.709,5,2,66,49,56,1,3,58,0
C1203,Male,0.78,7,2,65,59,65,2,4,83,1
C1204,Male,0.918,1,1,73,46,61,3,3,51,1
C1205,Male,0.976,1,2,60,60,69,2,4,77,1
C1206,Female,0.0,3,1,31,37,43,4,0,91,0
C1207,Male,1.0,3,1,57,52,51,1,0,82,1
C1208,Male,0.847,5,2,79,38,60,1,0,64,1
C1209,Male,0.644,3,2,59,70,88,3,0,57,0
C1210,Female,0.196,1,1,60,70,60,3,1,38,1
C1211,Male,0.743,6,1,82,34,77,4,5,67,0
C1212,Male,0.865,7,1,52,80,62,2,5,45,1
C1213,Male,0.794,2,1,37,97,55,4,1,50,1
C1214,Female,0.0,4,1,62,60,58,3,0,43,1
C1215,Male,0.663,2,1,56,50,59,3,3,55,1
C1216,Male,0.949,2,2,47,100,70,2,4,62,1
C1217,Male,0.627,1,1,61,40,81,2,5,67,1
C1218,Male,0.634,2,2,73,60,67,4,2,53,0
C1219,Male,0.855,7,2,64,62,78,2,4,80,0
C1220,Male,1.0,5,1,70,80,48,2,2,59,1
C1221,Female,0.393,0,0,97,65,56,2,2,50,0
C1222,Male,0.905,3,2,58,52,51,2,0,66,1
C1223,Male,0.961,0,1,70,45,66,2,2,94,0
C1224,Female,0.0,6,2,55,54,56,1,0,68,1
C1225,Male,0.753,7,2,49,44,72,3,1,57,1
C1226,Male,0.636,7,2,54,60,48,2,3,38,0
C1227,Male,0.469,4,3,56,51,62,2,2,59,1
C1228,Male,0.761,7,1,71,37,71,1,3,66,1
C1229,Female,0.401,3,1,100,78,33,1,0,56,0
C1230,Male,0.631,7,1,52,52,91,1,2,36,0
C1231,Female,0.271,2,1,57,40,58,3,4,49,0
C1232,Male,0.657,4,1,63,57,33,1,1,86,0
C1233,Male,0.816,3,1,72,61,64,4,5,85,0
C1234,Male,0.906,5,2,69,33,62,1,1,48,1
C1235,Male,0.701,5,1,88,64,60,1,2,73,1
C1236,Male,0.826,5,1,21,44,75,1,1,44,1
C1237,Female,0.417,5,1,22,85,72,1,5,85,1
C1238,Male,0.906,2,1,56,67,66,3,4,66,1
C1239,Female,0.434,7,0,84,54,68,3,3,78,1
C1240,Male,0.808,0,1,36,48,60,2,4,35,0
C1241,Female,0.269,3,1,10,58,86,1,1,73,0
C1242,Female,0.123,2,1,75,69,41,1,5,62,0
C1243,Female,0.463,5,2,69,59,63,2,3,76,0
C1244,Female,0.432,6,2,45,56,62,4,5,77,0
C1245,Female,0.205,7,2,47,60,73,1,4,64,1
C1246,Male,0.812,0,1,47,50,50,3,0,53,1
C1247,Male,1.0,6,2,66,54,37,2,0,75,1
C1248,Male,0.856,4,2,53,28,64,1,3,62,1
C1249,Female,0.571,6,1,73,74,65,2,3,49,1
C1250,Male,0.719,4,2,13,64,82,1,3,48,0
C1251,Female,0.168,4,1,49,48,44,3,0,39,0
C1252,Male,0.751,5,2,44,88,78,1,4,54,1
C1253,Male,0.502,4,3,60,61,95,3,3,80,0
C1254,Male,0.669,1,0,55,44,56,1,0,65,0
C1255,Male,0.572,3,2,79,72,43,4,3,54,1
C1256,Male,0.858,3,1,31,65,56,1,3,75,1
C1257,Male,0.8,5,3,65,65,62,3,5,49,0
C1258,Male,0.845,1,1,75,53,69,3,3,64,1
C1259,Male,0.784,6,2,98,66,53,4,0,60,1
C1260,Male,0.591,2,1,56,56,83,2,4,75,0
C1261,Male,0.877,6,1,70,68,46,3,0,37,1
C1262,Female,0.421,7,1,32,31,37,2,0,49,0
C1263,Male,0.861,2,3,21,53,77,1,3,36,0
C1264,Male,0.736,4,2,80,85,30,2,5,58,1
C1265,Male,0.586,0,2,64,48,59,1,2,82,1
C1266,Male,0.664,2,2,86,50,100,4,2,54,1
C1267,Male,0.868,0,1,40,53,61,1,2,54,0
C1268,Male,0.961,3,1,74,41,46,2,0,76,1
C1269,Male,0.839,0,1,98,26,61,2,3,80,0
C1270,Male,0.92,3,1,72,56,61,2,2,61,1
C1271,Male,0.906,1,1,69,62,64,2,1,73,1
C1272,Female,0.244,1,1,65,59,71,1,1,45,0
C1273,Female,0.307,5,1,36,57,47,2,1,85,0
C1274,Male,0.826,5,1,89,60,85,1,4,97,1
C1275,Male,0.673,4,1,54,75,65,4,3,71,0
C1276,Male,0.803,2,1,74,57,72,3,0,29,1
C1277,Male,0.85,4,3,36,51,53,4,0,54,1
C1278,Female,0.0,3,2,43,55,80,1,3,72,0
C1279,Male,0.604,4,3,90,68,58,1,5,56,1
C1280,Male,0.872,0,1,58,81,65,1,5,83,1
C1281,Male,1.0,3,1,91,50,48,1,4,72,0
C1282,Male,0.914,5,2,63,61,48,1,3,51,1
C1283,Male,0.925,1,1,31,65,71,2,5,63,1
C1284,Male,0.888,5,1,81,45,55,1,4,48,1
C1285,Male,0.995,2,1,54,60,50,2,2,60,0
C1286,Male,0.637,3,1,77,38,52,3,2,54,1
C1287,Male,0.592,3,1,65,33,71,2,4,81,0
C1288,Male,0.799,0,1,37,65,53,2,3,96,1
C1289,Male,0.476,2,2,67,54,60,2,2,40,0
C1290,Male,0.985,1,1,100,63,62,2,3,32,1
C1291,Male,0.983,6,1,73,59,35,1,5,59,1
C1292,Male,0.735,3,2,63,45,41,2,2,38,0
C1293,Male,0.744,3,1,84,59,66,2,5,63,1
C1294,Male,0.789,0,1,68,41,51,3,3,74,0
C1295,Female,0.201,4,2,68,80,76,3,3,86,0
C1296,Male,0.819,7,1,45,39,75,2,1,66,1
C1297,Male,0.884,1,1,69,57,72,2,4,59,0
C1298,Male,0.774,5,1,83,44,87,1,0,31,1
C1299,Male,0.941,2,1,49,68,60,3,4,63,1
C1300,Male,0.867,3,1,90,55,71,2,3,64,0
C1301,Male,0.709,3,2,63,52,53,1,3,73,1
C1302,Female,0.311,5,1,49,72,96,1,4,51,1
C1303,Male,0.596,1,1,82,60,89,1,3,56,0
C1304,Male,0.786,7,1,59,67,62,3,5,39,0
C1305,Male,0.945,4,1,78,45,67,1,2,26,1
C1306,Female,0.256,3,1,59,38,81,2,3,45,1
C1307,Male,0.846,7,1,63,61,59,2,4,37,1
C1308,Female,0.192,1,1,73,55,52,2,4,68,0
C1309,Male,0.671,5,1,70,69,74,3,4,54,0
C1310,Female,0.003,0,1,29,58,63,3,1,54,0
C1311,Male,0.777,4,1,44,63,64,2,5,47,1
C1312,Female,0.323,2,2,81,35,50,1,5,11,1
C1313,Male,1.0,3,1,62,88,37,2,1,87,1
C1314,Female,0.368,1,1,55,57,65,2,5,46,1
C1315,Male,0.951,0,1,40,70,74,2,1,56,0
C1316,Male,0.741,2,2,45,47,58,2,5,39,1
C1317,Male,0.637,6,1,28,64,82,1,1,78,0
C1318,Female,0.051,1,2,63,40,52,2,1,65,0
C1319,Male,0.897,1,2,54,66,47,1,5,49,1
C1320,Male,0.938,2,2,47,54,61,3,1,56,1
C1321,Male,1.0,0,1,63,60,60,2,5,89,0
C1322,Male,1.0,6,1,71,70,72,3,1,61,1
C1323,Female,0.0,7,2,100,41,51,1,4,60,1
C1324,Male,0.701,7,3,37,49,81,2,0,47,0
C1325,Female,0.533,5,2,85,66,89,3,5,32,1
C1326,Male,0.76,0,1,82,91,61,1,1,60,1
C1327,Male,0.939,4,1,50,57,79,3,4,68,1
C1328,Female,0.192,3,1,68,68,47,2,0,80,1
C1329,Male,1.0,2,2,56,58,77,2,1,27,1
C1330,Male,0.928,5,1,68,89,76,2,0,44,1
C1331,Male,0.547,6,1,92,33,74,2,5,53,1
C1332,Male,0.694,2,2,75,61,61,2,0,62,0
C1333,Male,0.922,2,1,74,35,20,2,2,60,0
C1334,Female,0.0,0,2,57,22,53,2,3,61,0
C1335,Female,0.308,3,1,38,64,53,2,2,69,0
C1336,Male,0.907,4,1,61,62,48,1,5,48,1
C1337,Male,0.508,7,1,86,55,63,1,5,77,1
C1338,Male,0.787,1,2,37,58,56,1,0,69,0
C1339,Male,0.967,1,1,46,100,50,2,4,57,0
C1340,Male,0.717,2,1,67,56,47,3,1,88,1
C1341,Male,0.574,7,3,47,67,51,3,3,87,1
C1342,Male,0.822,7,1,50,50,77,1,1,77,0
C1343,Female,0.085,3,1,57,64,52,4,4,14,0
C1344,Female,0.0,6,1,40,56,54,2,5,88,1
C1345,Female,0.062,6,1,47,53,55,4,3,75,0
C1346,Male,0.684,5,1,77,87,66,3,2,95,1
C1347,Male,0.497,0,1,41,77,68,3,5,82,0
C1348,Male,0.825,3,1,36,62,19,1,5,88,0
C1349,Female,0.179,3,1,53,25,76,1,0,77,1
C1350,Male,0.622,0,2,78,54,82,1,4,84,1
C1351,Female,0.176,7,1,61,100,47,3,0,94,1
C1352,Male,0.954,6,1,56,56,48,2,0,66,1
C1353,Male,0.768,6,1,65,76,55,3,1,37,0
C1354,Female,0.119,7,1,33,81,51,2,5,58,1
C1355,Male,0.841,6,1,73,63,65,3,4,69,0
C1356,Female,0.226,2,1,71,47,34,1,0,64,0
C1357,Female,0.546,3,2,57,23,46,1,2,43,0
C1358,Male,0.729,1,1,83,70,83,2,3,36,0
C1359,Male,0.898,0,2,44,47,49,2,4,51,0
C1360,Male,0.915,6,3,85,62,79,2,1,75,1
C1361,Female,0.097,5,1,67,41,66,3,4,88,0
C1362,Male,0.891,6,1,58,56,36,1,5,77,1
C1363,Male,0.837,6,1,64,60,70,2,1,79,0
C1364,Male,0.587,4,2,63,64,60,3,3,61,1
C1365,Female,0.323,2,1,86,43,55,1,2,35,0
C1366,Male,0.708,0,1,45,77,65,4,0,55,0
C1367,Male,0.731,4,1,51,51,68,4,4,58,1
C1368,Female,0.266,4,2,83,34,71,1,1,55,1
C1369,Male,0.969,5,2,54,58,78,1,3,63,1
C1370,Male,1.0,3,1,81,60,67,2,0,70,1
C1371,Female,0.08,5,2,95,62,42,3,3,76,1
C1372,Male,0.991,3,1,57,80,55,2,2,58,1
C1373,Female,0.14,3,1,77,56,100,2,0,32,1
C1374,Male,0.705,0,2,44,58,72,3,0,55,0
C1375,Male,0.683,6,1,78,43,95,1,0,63,0
C1376,Female,0.0,0,1,68,72,81,3,1,82,0
C1377,Male,0.834,2,0,73,62,65,3,0,53,0
C1378,Male,0.788,3,2,53,53,66,2,3,71,1
C1379,Male,0.994,4,2,35,31,61,3,1,67,0
C1380,Male,0.861,6,1,74,81,37,3,0,63,0
C1381,Male,0.674,1,2,27,41,62,1,3,77,0
C1382,Male,0.698,2,1,59,51,78,2,3,52,0
C1383,Female,0.08,0,1,81,65,53,2,4,53,0
C1384,Male,0.956,5,1,68,42,67,1,3,62,1
C1385,Male,0.883,2,1,100,37,73,4,5,52,1
C1386,Male,1.0,2,1,83,28,49,1,2,71,0
C1387,Female,0.492,6,2,53,70,55,2,0,51,1
C1388,Male,0.866,2,0,65,51,47,2,0,66,0
C1389,Female,0.243,2,1,64,100,50,1,0,61,0
C1390,Male,0.604,1,1,36,45,43,4,3,66,1
C1391,Male,0.742,7,1,48,46,49,3,3,55,1
C1392,Male,0.913,5,2,54,51,81,2,0,57,0
C1393,Male,1.0,5,1,28,63,49,1,5,64,1
C1394,Male,0.863,5,1,65,52,63,1,1,66,0
C1395,Male,0.975,3,2,60,69,54,2,1,62,1
C1396,Female,0.226,4,1,34,45,78,1,2,90,0
C1397,Male,0.893,7,1,72,39,80,2,4,47,1
C1398,Male,0.924,5,1,77,33,74,4,2,61,1
C1399,Male,0.503,2,1,69,26,66,2,0,37,1
C1400,Male,0.738,2,3,59,52,58,3,0,68,1
C1401,Male,0.942,5,2,75,55,45,2,0,45,0
C1402,Male,0.841,6,1,77,50,89,2,4,58,1
C1403,Male,0.621,5,2,70,78,51,3,3,57,1
C1404,Female,0.154,2,1,50,78,71,2,4,67,0
C1405,Male,0.745,3,0,69,54,76,3,2,54,1
C1406,Male,0.789,0,1,86,33,54,1,3,53,0
C1407,Female,0.275,0,1,54,51,76,1,3,85,1
C1408,Female,0.241,7,1,100,51,72,3,2,67,1
C1409,Male,0.876,7,1,55,50,86,2,3,54,0
C1410,Female,0.354,5,2,65,49,55,3,1,58,1
C1411,Male,0.447,1,1,52,50,43,4,2,89,0
C1412,Male,0.603,5,1,69,54,54,1,2,59,1
C1413,Male,0.754,6,1,33,50,64,2,1,51,0
C1414,Male,0.886,5,0,55,63,62,2,4,52,1
C1415,Male,0.873,7,1,45,65,56,2,4,54,1
C1416,Female,0.272,0,1,67,46,35,3,4,53,0
C1417,Male,0.742,2,2,82,79,68,1,3,42,1
C1418,Male,0.751,5,1,76,45,89,2,1,45,1
C1419,Male,0.691,2,0,22,35,68,3,2,49,0
C1420,Female,0.203,2,1,100,65,70,1,2,72,0
C1421,Male,0.662,1,1,70,47,70,3,2,56,1
C1422,Male,0.928,2,0,51,64,67,2,3,59,1
C1423,Male,0.831,0,2,67,23,75,4,3,83,1
C1424,Male,0.793,3,1,68,80,67,2,5,83,0
C1425,Female,0.222,3,1,52,70,57,1,4,58,0
C1426,Female,0.371,4,1,68,37,50,2,5,52,0
C1427,Male,0.703,6,1,54,37,58,1,5,49,1
C1428,Female,0.169,5,1,57,85,66,4,3,74,0
C1429,Male,0.445,6,2,52,48,57,1,4,59,0
C1430,Female,0.099,0,1,39,47,66,3,4,56,0
C1431,Male,0.939,2,2,67,26,68,2,2,49,1
C1432,Male,0.885,3,1,75,54,73,2,3,50,1
C1433,Male,0.726,6,2,74,56,79,1,4,68,1
C1434,Male,0.807,0,1,79,70,63,2,5,41,0
C1435,Male,0.717,3,2,70,39,43,2,1,78,1
C1436,Male,0.822,2,1,55,37,57,1,1,54,0
C1437,Male,1.0,6,2,80,66,62,4,3,60,1
C1438,Male,0.945,3,1,40,75,36,2,2,41,0
C1439,Male,0.878,5,1,48,36,81,2,2,62,1
C1440,Male,0.726,7,0,47,76,63,2,4,57,1
C1441,Female,0.301,5,2,84,60,67,1,3,62,1
C1442,Male,0.547,4,1,81,76,81,4,1,86,1
C1443,Male,0.762,4,2,73,58,53,2,5,65,1
C1444,Male,0.888,3,1,84,22,70,1,4,50,1
C1445,Female,0.3,7,1,49,57,60,2,5,51,0
C1446,Male,0.9,0,0,71,75,59,2,4,72,0
C1447,Male,0.844,5,3,62,46,51,2,0,83,1
C1448,Female,0.229,0,2,80,54,85,2,5,67,1
C1449,Female,0.419,7,2,62,57,56,1,3,74,1
C1450,Male,0.657,0,1,58,16,71,1,5,72,1
C1451,Male,0.673,7,1,74,85,35,3,5,85,1
C1452,Male,0.809,3,2,80,46,78,1,4,31,0
C1453,Female,0.0,0,1,52,67,76,3,1,73,1
C1454,Male,0.526,5,2,63,58,63,1,0,78,0
C1455,Male,0.868,2,2,45,78,58,3,5,41,1
C1456,Female,0.123,4,2,20,66,67,2,1,48,1
C1457,Male,0.788,2,2,68,56,94,2,2,49,0
C1458,Male,1.0,0,1,75,46,37,1,0,51,1
C1459,Male,0.698,2,1,69,71,72,1,0,55,0
C1460,Male,0.746,5,3,29,31,49,1,4,66,0
C1461,Male,0.741,5,0,58,69,61,1,5,76,1
C1462,Male,0.789,0,2,25,43,58,2,2,80,0
C1463,Male,0.751,3,2,89,78,56,2,4,49,1
C1464,Male,0.589,2,1,45,62,61,2,3,49,0
C1465,Female,0.113,3,3,87,69,46,3,1,84,0
C1466,Male,0.785,3,1,82,61,76,2,1,73,0
C1467,Female,0.306,7,1,48,33,36,2,4,64,0
C1468,Male,1.0,1,1,44,47,69,2,1,70,1
C1469,Female,0.185,0,1,71,70,57,2,5,62,1
C1470,Female,0.188,4,1,49,62,45,2,1,71,0
C1471,Male,0.696,5,1,66,77,64,3,5,57,1
C1472,Female,0.285,5,2,56,66,40,1,3,67,0
C1473,Female,0.376,0,2,32,45,62,1,2,38,0
C1474,Male,0.775,7,1,24,48,42,2,0,51,0
C1475,Male,0.601,6,1,69,61,68,1,4,52,1
C1476,Male,0.725,6,2,54,25,49,3,4,57,1
C1477,Female,0.192,6,1,55,85,55,3,5,48,0
C1478,Female,0.166,7,1,77,66,66,1,3,54,0
C1479,Female,0.193,4,1,86,78,51,1,3,38,0
C1480,Male,0.903,5,1,60,36,61,2,0,71,1
C1481,Female,0.0,0,1,58,78,40,2,2,61,0
C1482,Male,0.816,7,3,74,93,70,1,4,35,1
C1483,Male,0.929,5,1,40,40,86,3,5,49,1
C1484,Male,0.675,3,1,69,71,100,2,3,68,1
C1485,Male,0.675,2,1,74,60,63,2,4,54,0
C1486,Male,0.52,2,1,77,36,73,1,5,51,0
C1487,Male,1.0,7,2,30,67,37,3,1,61,1
C1488,Male,0.692,5,2,51,72,83,1,4,68,0
C1489,Male,0.836,1,2,49,50,72,3,2,40,0
C1490,Male,0.891,4,1,66,77,55,2,5,71,1
C1491,Male,1.0,6,2,73,34,79,2,2,50,1
C1492,Male,0.777,4,2,91,37,58,3,4,62,0
C1493,Male,0.719,4,2,56,62,55,3,1,62,0
C1494,Male,0.826,7,1,56,60,68,2,2,54,1
C1495,Male,0.993,3,0,85,49,47,1,3,46,1
C1496,Male,0.774,4,1,70,72,76,3,5,58,1
C1497,Male,0.657,2,2,87,67,47,2,4,89,0
C1498,Male,0.569,3,1,70,72,47,1,1,41,0
C1499,Male,0.617,0,1,44,58,49,4,3,90,0
C1500,Female,0.452,4,2,41,69,72,1,4,58,1
